date,bit_retrf,us_mktrf,us_smb,us_hml,us_rf,intl_mktrf,intl_smb,intl_hml,intl_rf
20140102,0.04017371,-0.0088,-0.0027,0.0011,0,-0.069,0.086,-0.008,0
20140103,0.020351699,0.0003,0.0036,0.0004,0,-0.005,0.023,-0.013,0
20140106,0.164366328,-0.0034,-0.0057,0.0026,0,0,0.059,0.035,0
20140107,-0.158703018,0.0068,0.004,-0.0041,0,0.011,-0.037,0.067,0
20140108,0.050773067,0.0004,0.0001,-0.0012,0,0.026,0.004,0.042,0
20140109,0.004912664,0.0002,0.0017,-0.0038,0,-0.017,0.025,0.015,0
20140110,0.025529603,0.0027,0.0052,-0.0077,0,0.081,0.03,-0.009,0
20140113,-0.031411201,-0.0132,-0.0007,0.001,0,0.034,0.033,0.019,0
20140114,-0.009427009,0.0115,0.0019,-0.0038,0,-0.07,-0.016,-0.007,0
20140115,0.03315852,0.0053,0.0021,0.002,0,0.067,-0.014,0.066,0
20140116,-0.029353003,-0.0007,0.0029,-0.0068,0,0.006,0.012,-0.013,0
20140117,-0.025118773,-0.0039,0.0003,0.0004,0,0,0.037,0.01,0
20140121,0.060480703,0.003,0.0046,-0.0001,0,0.009,0.024,-0.031,0
20140122,-0.021205913,0.0015,0.0027,0.0021,0,-0.015,-0.024,-0.021,0
20140123,-0.027850377,-0.0086,0.0015,-0.005,0,-0.006,0.005,0.023,0
20140124,-0.030375651,-0.0219,-0.0039,0.0022,0,-0.185,0.069,-0.011,0
20140127,-0.032217998,-0.0065,-0.0086,0.0046,0,-0.135,-0.036,-0.036,0
20140128,0.053306369,0.0073,0.0019,-0.0002,0,0.034,0.004,0.039,0
20140129,0.016602873,-0.0107,-0.0041,0.0025,0,0.025,0.087,0.008,0
20140130,-0.008438257,0.0122,0.0031,-0.0042,0,-0.082,-0.03,0.007,0
20140131,0.013296216,-0.0066,-0.0006,-0.0039,0,-0.04,0.04,-0.019,0
20140203,-0.007338057,-0.0248,-0.0089,0.0032,0,-0.098,0.008,-0.021,0
20140204,0.00501317,0.0077,-0.0004,-0.001,0,-0.115,-0.082,0,0
20140205,-0.019384994,-0.0023,-0.006,0.002,0,0.051,0.004,0.038,0
20140206,-0.037393307,0.0121,-0.0048,0.0023,0,0.129,-0.039,0.006,0
20140207,-0.088478024,0.0133,-0.0016,-0.0067,0,0.117,-0.008,0.031,0
20140210,-0.04403425,0.0016,0.0012,-0.0044,0,0.043,0.025,-0.043,0
20140211,-0.013009706,0.0109,-0.0019,0.0024,0,0.085,-0.04,-0.004,0
20140212,-0.030423851,0.0011,0.0025,-0.0008,0,0.063,-0.001,0.022,0
20140213,-0.071318971,0.0072,0.0073,-0.0009,0,0.009,-0.007,0.01,0
20140214,0.093764457,0.0042,-0.0037,0.0038,0,0.04,-0.008,-0.013,0
20140218,-0.053460022,0.0027,0.0098,-0.0024,0,0.063,-0.011,0.007,0
20140219,-0.005697415,-0.0074,-0.0029,-0.0039,0,-0.017,-0.021,-0.017,0
20140220,-0.107362406,0.007,0.0053,-0.0014,0,-0.038,-0.009,-0.01,0
20140221,0.032401913,-0.0009,0.0035,-0.0004,0,0.069,0.005,0.021,0
20140224,-0.048488226,0.0065,0.0019,0.0026,0,0.049,-0.005,-0.043,0
20140225,-0.013929565,-0.001,0.0012,-0.0061,0,0.029,0.012,0.001,0
20140226,0.081639472,0.0012,0.0068,-0.0009,0,-0.055,0.006,-0.011,0
20140227,-0.006727419,0.0054,0.0015,0.0001,0,0,-0.008,0.007,0
20140228,-0.050987439,0.0015,-0.0071,0.0083,0,0.058,0.001,0.01,0
20140303,0.21574482,-0.007,0.0008,0.0015,0,-0.184,0.043,0.006,0
20140304,-0.001467593,0.0167,0.0111,-0.0012,0,0.128,-0.045,0.019,0
20140305,-0.001904676,0.0001,-0.0027,0.0028,0,0.032,0.037,0.015,0
20140306,-0.002479302,0.0016,-0.0032,0.0075,0,0.089,-0.015,0.005,0
20140307,-0.05228512,0.0004,-0.0011,0.0052,0,-0.052,0.066,-0.017,0
20140310,-0.002161647,-0.0009,-0.0011,0.0006,0,-0.049,0.018,0.002,0
20140311,0.010067061,-0.0062,-0.0054,-0.0019,0,0.004,0.007,-0.001,0
20140312,-0.003169797,0.0013,0.003,-0.0017,0,-0.083,0.005,0.011,0
20140313,0.00955545,-0.0121,-0.0013,0.0027,0,-0.064,0.07,0.001,0
20140314,-0.014636287,-0.0016,0.0068,-0.0005,0,-0.093,-0.008,-0.031,0
20140317,-0.010225827,0.009,-0.0036,-0.0001,0,0.064,-0.063,0.016,0
20140318,-0.01211498,0.0082,0.0074,-0.0042,0,0.072,0.017,0.011,0
20140319,-0.008034741,-0.0059,-0.0017,0.006,0,-0.081,0.007,-0.013,0
20140320,-0.034629195,0.0052,-0.0048,0.0099,0,-0.065,-0.035,0.015,0
20140321,-0.029349321,-0.0037,-0.0028,0.0088,0,0.019,-0.019,-0.007,0
20140324,0.020857758,-0.0064,-0.0089,0.0097,0,-0.006,0.058,-0.005,0
20140325,0.000874171,0.003,-0.0034,0.0014,0,0.067,-0.07,0.017,0
20140326,-0.005291821,-0.0089,-0.0119,0.003,0,0.049,-0.029,0.008,0
20140327,-0.188678271,-0.0019,-0.0013,-0.0024,0,0.021,0.002,0.021,0
20140328,0.051841949,0.0041,-0.0043,0.0052,0,0.058,-0.003,0.014,0
20140331,-0.078015615,0.0097,0.0099,-0.0016,0,0.058,0.003,0.024,0
20140401,0.04678337,0.0087,0.0074,-0.0041,0,0.053,-0.022,0.036,0
20140402,-0.086207617,0.0029,0.0004,0.0012,0,0.013,0.012,-0.01,0
20140403,0.017339983,-0.0031,-0.0089,0.0079,0,-0.007,-0.009,0.014,0
20140404,0.006318582,-0.0147,-0.0115,0.0074,0,0.036,-0.004,0.019,0
20140407,0.004223181,-0.0126,-0.003,-0.0002,0,-0.087,0.013,0.017,0
20140408,0.008166081,0.005,0.0031,-0.0022,0,0.004,-0.021,-0.02,0
20140409,-0.022865214,0.012,0.0034,-0.0093,0,0.036,-0.02,-0.029,0
20140410,-0.175163192,-0.0224,-0.0071,0.0086,0,-0.023,0.022,-0.012,0
20140411,0.152719207,-0.0107,-0.0041,0.0029,0,-0.119,-0.002,0.031,0
20140414,0.089891911,0.007,-0.005,0.0021,0,-0.029,-0.074,-0.007,0
20140415,0.123803919,0.0059,-0.0038,0.0017,0,-0.048,0.003,-0.01,0
20140416,0.022886402,0.0113,0.0004,-0.0044,0,0.127,-0.013,0.022,0
20140417,-0.059595366,0.0023,0.0032,0.0024,0,0.035,0.003,0.024,0
20140421,-0.000383095,0.0036,0.002,-0.0043,0,-0.009,-0.003,-0.005,0
20140422,-0.015833955,0.0058,0.0072,-0.0037,0,0.074,-0.051,-0.01,0
20140423,0.006927365,-0.0031,-0.0064,0.0089,0,-0.007,0.039,-0.02,0
20140424,0.018644413,0.0008,-0.0041,-0.0017,0,0.013,0.005,0.015,0
20140425,-0.077948288,-0.0105,-0.0096,0.0062,0,-0.036,0.04,-0.024,0
20140428,-0.045855456,0.0011,-0.0065,-0.0054,0,-0.01,-0.056,0.016,0
20140429,0.015716914,0.0056,-0.0021,-0.0022,0,0.05,-0.05,0.043,0
20140430,0.000961517,0.0035,0.0025,-0.0004,0,0.04,-0.008,-0.009,0
20140501,0.022607452,0.0004,-0.0015,-0.0018,0,0.034,0.01,0.012,0
20140502,-0.018306536,-0.0007,0.0023,0.0033,0,0.01,0.016,-0.001,0
20140505,-0.035382082,0.0013,-0.003,-0.0052,0,-0.011,0.008,-0.003,0
20140506,-0.01042724,-0.0103,-0.0054,0.0016,0,0.023,0.037,-0.03,0
20140507,0.022985826,0.0045,-0.0085,0.0118,0,-0.068,-0.061,-0.015,0
20140508,0.003076432,-0.0026,-0.01,0.0034,0,0.043,-0.036,0.041,0
20140509,0.021105482,0.0025,0.0071,-0.0039,0,-0.048,-0.01,-0.013,0
20140512,-0.017799137,0.012,0.0141,-0.003,0,0.035,-0.046,0.002,0
20140513,-0.001789517,-0.0005,-0.0106,0.0018,0,0.022,-0.008,-0.016,0
20140514,0.007488597,-0.006,-0.011,-0.0043,0,0.024,0.01,-0.008,0
20140515,0.007387887,-0.009,0.0033,-0.0027,0,-0.061,0.001,-0.052,0
20140516,0.001811068,0.0036,0.0026,-0.004,0,-0.035,-0.052,-0.003,0
20140519,-0.004195867,0.005,0.0063,0,0,-0.018,-0.043,0.029,0
20140520,0.088618943,-0.0078,-0.0081,0.0023,0,-0.003,0.008,-0.002,0
20140521,0.012455736,0.0081,-0.0026,0.0005,0,0.032,-0.022,0.01,0
20140522,0.066718181,0.0036,0.0063,-0.0027,0,0.035,0.023,-0.016,0
20140523,-0.008311411,0.0049,0.0062,-0.0024,0,0.024,0.012,0.044,0
20140527,0.098073892,0.0069,0.007,-0.0019,0,0.006,0.008,-0.007,0
20140528,0.010188362,-0.0011,-0.0033,0.0027,0,-0.011,0.032,0.011,0
20140529,-0.015388348,0.0054,-0.002,-0.0012,0,0.023,0.015,-0.022,0
20140530,0.082984266,0.0006,-0.0068,0.0028,0,0.011,0.018,-0.014,0
20140602,0.073602782,0.0006,-0.0069,0.004,0,0.018,0.01,0.008,0
20140603,0.010580969,-0.0005,-0.0027,0.0018,0,-0.003,0.004,0.012,0
20140604,-0.038944893,0.0028,0.0023,-0.0009,0,-0.008,0.01,-0.015,0
20140605,0.027508923,0.0077,0.0129,-0.0018,0,0.061,-0.006,0.037,0
20140606,-0.008433698,0.0054,0.0048,0,0,0.036,0.011,0.044,0
20140609,-0.006945082,0.0022,0.0101,-0.0031,0,0.006,0.007,0.006,0
20140610,0.006146405,-0.0003,-0.0018,-0.0004,0,-0.006,-0.011,-0.012,0
20140611,-0.030819873,-0.0034,-0.0013,-0.0028,0,-0.014,0.035,-0.018,0
20140612,-0.072778111,-0.0068,0.001,0.0017,0,0.029,0.012,-0.014,0
20140613,0.022506176,0.0031,-0.0007,-0.0019,0,-0.024,0.009,0.024,0
20140616,-0.013279792,0.0013,0.0046,-0.0067,0,-0.017,0.003,-0.024,0
20140617,0.031527044,0.0034,0.0055,0.0045,0,-0.01,-0.001,0.004,0
20140618,-0.004747405,0.0075,-0.0027,-0.0009,0,0.055,0.024,0.009,0
20140619,-0.016267518,0.0012,-0.0016,-0.0004,0,0.071,-0.024,-0.003,0
20140620,-0.006554417,0.0018,0.0018,0.0004,0,-0.013,0.008,-0.036,0
20140623,-0.000286123,-0.0001,-0.0024,0.0008,0,-0.02,0.028,-0.009,0
20140624,-0.019562948,-0.0072,-0.0033,-0.0021,0,-0.027,0.001,-0.016,0
20140625,-0.027508757,0.0053,0.0036,0.0007,0,-0.052,0.021,0.016,0
20140626,0.026132712,-0.0011,-0.0008,0.0005,0,0.021,0.021,-0.018,0
20140627,0.027738583,0.0026,0.0048,-0.0022,0,0.01,-0.019,0.001,0
20140630,0.071225262,0.0007,0.0026,0.0019,0,0.034,0.051,-0.026,0
20140701,0.001578618,0.0074,0.0048,-0.0037,0,0.062,-0.018,0.011,0
20140702,0.015714486,-0.0003,-0.0045,-0.0021,0,0.022,-0.013,0.01,0
20140703,-0.008788102,0.0059,0.0022,0.0008,0,0.029,-0.026,-0.013,0
20140707,-0.032658565,-0.0062,-0.0127,0.0038,0,-0.056,0.035,-0.001,0
20140708,0.001169703,-0.0082,-0.0066,0.0071,0,-0.08,0.063,-0.009,0
20140709,-0.000496143,0.0046,-0.0038,-0.0011,0,-0.007,-0.031,0.039,0
20140710,-0.012409729,-0.0049,-0.0059,0.0002,0,-0.094,0.02,-0.018,0
20140711,0.024709774,0.0012,-0.0021,-0.0039,0,0.002,-0.004,-0.017,0
20140714,-0.020063291,0.0046,0,-0.0013,0,0.066,-0.043,0.001,0
20140715,0.00366531,-0.0032,-0.0094,0.0098,0,-0.044,0.022,-0.023,0
20140716,-0.007706044,0.0032,-0.006,0.0032,0,0.067,-0.066,0.042,0
20140717,0.010197795,-0.0121,-0.0039,0.0018,0,-0.045,0.055,-0.014,0
20140718,0.009131907,0.0112,0.0049,-0.0047,0,-0.014,-0.019,0.009,0
20140721,-0.010448806,-0.0025,-0.0024,0.0005,0,-0.027,0.018,-0.011,0
20140722,-0.001060735,0.0053,0.0025,-0.0032,0,0.064,-0.025,0.008,0
20140723,-0.003443005,0.0019,0.0013,-0.0074,0,0.026,0.011,-0.013,0
20140724,-0.028543291,0.0005,-0.0027,0.0004,0,0.015,-0.036,0.039,0
20140725,-0.0010636,-0.0053,-0.0036,0.0016,0,-0.04,0.052,0.025,0
20140728,-0.025620123,-0.0008,-0.0047,0.0028,0,-0.002,0.008,0.004,0
20140729,-0.001639092,-0.0033,0.007,-0.0067,0,0.001,-0.008,-0.004,0
20140730,-0.029825732,0.0012,0.0043,-0.0029,0,-0.041,-0.009,-0.025,0
20140731,0.033404432,-0.0203,-0.002,0.0046,0,-0.094,0.034,-0.008,0
20140801,0.014806223,-0.0032,-0.0018,-0.0007,0,-0.082,0.009,0.002,0
20140804,-0.010320715,0.0074,0.0002,-0.0022,0,-0.016,0.002,0.031,0
20140805,-0.005672747,-0.0084,0.0077,-0.0019,0,-0.049,-0.011,-0.041,0
20140806,-0.001349412,0.0002,0.0037,0.0018,0,-0.049,0.006,-0.007,0
20140807,0.007217994,-0.0052,-0.0003,-0.0014,0,-0.058,0.038,0.007,0
20140808,0.006300202,0.0112,-0.0021,-0.0018,0,-0.062,-0.025,0.02,0
20140811,-0.027354956,0.004,0.006,-0.0029,0,0.114,0.01,-0.002,0
20140812,-0.011676527,-0.0023,-0.006,0.0025,0,0.002,0.014,-0.015,0
20140813,-0.040341268,0.0069,-0.0008,-0.0024,0,0.031,-0.025,0.025,0
20140814,-0.074433835,0.0044,-0.0023,0.0004,0,0.041,-0.006,-0.026,0
20140815,-0.01770856,0,-0.0015,-0.0015,0,0.003,0.043,-0.008,0
20140818,-0.071527736,0.0093,0.006,-0.0019,0,0.049,-0.023,-0.02,0
20140819,0.051553764,0.0049,-0.0013,-0.001,0,0.031,-0.015,-0.005,0
20140820,0.055085008,0.0019,-0.0064,0.0027,0,-0.036,-0.004,-0.008,0
20140821,0.010273839,0.0028,-0.0014,0.0082,0,0.062,-0.024,0.021,0
20140822,-0.006186683,-0.001,0.003,-0.0039,0,-0.035,0.03,-0.015,0
20140825,-0.022449615,0.005,-0.0024,0.0004,0,0.043,-0.032,-0.009,0
20140826,0.018049751,0.0019,0.007,-0.0033,0,0.024,-0.024,0.028,0
20140827,-0.000821002,0,-0.0023,0.0015,0,0.035,0.018,0.004,0
20140828,-0.006534285,-0.0019,-0.0042,0.0009,0,-0.058,0.033,-0.001,0
20140829,0.001398161,0.0039,0.0027,0.0009,0,-0.012,0.003,0,0
20140902,-0.061138205,0.0006,0.0046,-0.0009,0,-0.004,-0.034,-0.017,0
20140903,0.000335128,-0.0014,-0.0054,0.0023,0,0.078,-0.042,0.021,0
20140904,0.025272723,-0.0017,-0.0014,-0.0015,0,-0.055,-0.041,0.012,0
20140905,-0.012906915,0.0045,-0.0026,-0.0006,0,-0.008,0.007,0.014,0
20140908,-0.018082509,-0.0022,0.0052,-0.0044,0,-0.079,0.011,-0.004,0
20140909,0.001390645,-0.0072,-0.0043,-0.0002,0,-0.008,0,-0.02,0
20140910,0.008626857,0.0045,0.002,-0.0039,0,-0.015,-0.022,0.027,0
20140911,0.000813585,0.0019,0.0049,0.002,0,-0.023,-0.005,-0.007,0
20140912,-0.004168838,-0.0055,-0.0023,0.0014,0,0.001,-0.01,-0.019,0
20140915,-0.004981685,-0.0028,-0.0106,0.0066,0,-0.021,-0.007,-0.014,0
20140916,-0.019584745,0.007,-0.0039,-0.0013,0,-0.006,-0.007,0.013,0
20140917,-0.018731494,0.0017,0.0008,-0.002,0,-0.056,-0.024,0.009,0
20140918,-0.071917434,0.005,0.0001,0.0003,0,0.085,-0.043,-0.021,0
20140919,-0.069833192,-0.0018,-0.0096,0.0005,0,-0.027,0.025,-0.026,0
20140922,0.018617021,-0.0097,-0.0057,0.0013,0,-0.05,0,0.001,0
20140923,0.083650379,-0.0062,-0.0032,-0.0005,0,-0.074,0.051,0.004,0
20140924,-0.028890062,0.0081,0.0008,-0.0092,0,-0.009,-0.014,0,0
20140925,-0.027481096,-0.0162,0.0008,0.0015,0,-0.059,0.039,0.031,0
20140926,-0.017348203,0.0085,-0.0004,-0.0027,0,-0.034,-0.038,0.019,0
20140929,-0.071606953,-0.0022,0.0017,-0.0044,0,-0.045,0.006,-0.009,0
20140930,0.030548379,-0.004,-0.01,0.0014,0,-0.015,-0.038,-0.021,0
20141001,-0.008580142,-0.0139,-0.0015,0.0033,0,-0.062,0.031,0.025,0
20141002,-0.022287681,0.0015,0.0102,-0.0038,0,-0.153,0.041,-0.05,0
20141003,-0.041485589,0.0108,-0.0039,-0.0041,0,-0.044,-0.021,-0.023,0
20141006,-0.081861422,-0.0026,-0.0078,0.0039,0,0.122,0.011,-0.007,0
20141007,0.018510664,-0.0156,-0.0012,0.0012,0,-0.087,0.031,0.021,0
20141008,0.049823017,0.017,0.0002,-0.0006,0,-0.03,-0.03,0.014,0
20141009,0.034255114,-0.0217,-0.0042,-0.004,0,-0.093,0,-0.016,0
20141010,-0.009506068,-0.013,-0.0016,0.0056,0,-0.173,0,-0.002,0
20141013,0.079793119,-0.0159,0.0132,0.005,0,0.055,-0.045,0.045,0
20141014,0.026792347,0.0028,0.0085,-0.0012,0,-0.103,-0.017,-0.008,0
20141015,-0.015216903,-0.0053,0.018,-0.0131,0,-0.048,0.128,-0.063,0
20141016,-0.030929402,0.0023,0.0108,0.0017,0,-0.091,-0.039,-0.051,0
20141017,0.003136763,0.0114,-0.0156,-0.001,0,0.107,-0.086,-0.02,0
20141020,-0.002371274,0.0094,0.002,-0.0033,0,0.091,0.076,-0.02,0
20141021,0.00948152,0.0198,-0.0041,0.0002,0,0.069,-0.076,0.031,0
20141022,-0.008590354,-0.0085,-0.0057,0.0021,0,0.05,0.031,-0.007,0
20141023,-0.064568327,0.0129,0.0052,-0.0046,0,0.028,-0.065,0.004,0
20141024,-0.000195302,0.0066,-0.0046,-0.0011,0,0.017,0.01,-0.005,0
20141027,-0.014957444,-0.0017,0.0011,-0.0026,0,0,0.01,-0.036,0
20141028,0.013116519,0.0137,0.0158,-0.0002,0,0.081,-0.062,0.017,0
20141029,-0.0616017,-0.0018,-0.0002,0.0044,0,-0.027,0.022,-0.037,0
20141030,0.028963914,0.006,0.0027,-0.0047,0,0.024,-0.044,-0.056,0
20141031,-0.02024268,0.0123,0.0028,0.0019,0,0.094,-0.081,-0.002,0
20141103,-0.031833767,-0.0001,-0.0026,-0.0006,0,-0.108,0.042,-0.011,0
20141104,0.008975729,-0.0035,-0.0003,-0.0011,0,0.022,0.022,-0.064,0
20141105,0.027232291,0.0048,-0.0053,0.0086,0,0.034,-0.084,0.024,0
20141106,0.02886683,0.0049,0.0009,-0.0048,0,-0.07,0.002,-0.032,0
20141107,-0.01966847,0.0009,0.0001,0.0044,0,0.049,0.033,0.021,0
20141110,0.071549559,0.0033,0.0019,-0.005,0,0.019,-0.018,-0.014,0
20141111,0.00209855,0.001,0.0002,-0.0029,0,0.061,-0.051,-0.04,0
20141112,0.151948652,0.0007,0.0077,-0.0028,0,-0.062,0.031,-0.022,0
20141113,-0.006657852,-0.0003,-0.0091,-0.0033,0,0.027,-0.042,-0.01,0
20141114,-0.054475448,0.0006,-0.0014,0.0014,0,0.038,-0.012,0.039,0
20141117,-0.026167613,-0.0005,-0.0098,0.0027,0,-0.072,-0.025,0.021,0
20141118,-0.031516997,0.0051,0.0004,-0.0036,0,0.111,-0.021,0.025,0
20141119,0.014285714,-0.0021,-0.0093,-0.0006,0,-0.025,-0.028,-0.003,0
20141120,-0.059701493,0.0031,0.0087,-0.0002,0,-0.016,0.028,-0.013,0
20141121,-0.01953387,0.0048,-0.0039,-0.0008,0,0.065,-0.029,0.037,0
20141124,0.074248254,0.004,0.0094,-0.0057,0,0.025,-0.013,0.004,0
20141125,-0.004112497,-0.0008,0.0006,-0.0004,0,0.038,-0.013,0.024,0
20141126,-0.018595977,0.003,0.0009,-0.0046,0,0.026,0.011,-0.011,0
20141128,0.021934468,-0.0035,-0.0093,-0.0102,0,-0.041,-0.005,-0.017,0
20141201,0.007437907,-0.009,-0.0096,0.0061,0,-0.016,-0.013,-0.016,0
20141202,0.005431773,0.0065,0.0041,0.0005,0,-0.019,-0.008,0.026,0
20141203,-0.01652199,0.0046,0.0045,0.003,0,-0.002,-0.014,0.012,0
20141204,-0.014426282,-0.0017,-0.0032,0.0008,0,-0.024,0.055,-0.022,0
20141205,0.019615801,0.0025,0.0057,0.0025,0,0.013,-0.07,0.008,0
20141208,-0.039644421,-0.0082,-0.0058,0.0027,0,-0.041,0.036,0.014,0
20141209,-0.026774612,0.0013,0.0171,-0.0029,0,-0.092,0.047,0.011,0
20141210,-0.016608938,-0.0172,-0.0061,-0.001,0,-0.029,0.063,-0.029,0
20141211,0.011952536,0.0049,-0.0008,-0.002,0,-0.054,-0.019,-0.034,0
20141212,0.005791561,-0.0155,0.0048,-0.0058,0,-0.126,0.094,-0.034,0
20141215,-0.020394849,-0.0068,-0.0026,0.0011,0,-0.159,0.099,-0.032,0
20141216,-0.052960764,-0.008,0.0063,0.006,0,0.094,-0.115,0.023,0
20141217,-0.022258913,0.0215,0.0085,-0.001,0,-0.08,-0.011,0.041,0
20141218,-0.026205516,0.0236,-0.0088,-0.0021,0,0.19,-0.077,-0.01,0
20141219,0.020680796,0.0043,-0.0022,0.0019,0,0.053,-0.003,0.007,0
20141222,0.044204631,0.0037,0.0019,-0.0004,0,0.024,-0.036,-0.025,0
20141223,0.008074965,0.0021,-0.0026,0.0106,0,-0.003,-0.034,0.032,0
20141224,-0.03598649,0.0007,0.0036,-0.0017,0,0.04,0.009,0.017,0
20141226,0.016711624,0.0039,0.0037,-0.0032,0,-0.01,0.036,-0.014,0
20141229,-0.046505245,0.0013,0.0016,0.0057,0,0.004,0.021,-0.016,0
20141230,-0.006172642,-0.0048,0.0006,0.0035,0,-0.05,0.107,-0.005,0
20141231,0.030411276,-0.0093,0.0049,-0.0039,0,-0.011,0.018,-0.015,0
20150102,-0.016115431,-0.0011,-0.0059,0.0009,0,-0.086,0.041,0.037,0
20150105,-0.128749643,-0.0184,0.0033,-0.0063,0,-0.163,0.173,-0.086,0
20150106,0.042700477,-0.0104,-0.0078,-0.0026,0,-0.125,0.028,0.027,0
20150107,0.028477585,0.0119,0.0017,-0.0065,0,-0.015,-0.036,-0.002,0
20150108,-0.037337773,0.0181,-0.0011,-0.0027,0,0.156,-0.114,-0.026,0
20150109,0.024916181,-0.0085,0.0002,-0.005,0,-0.007,0.067,-0.033,0
20150112,-0.077855446,-0.0079,0.0037,-0.0037,0,0.01,-0.034,-0.002,0
20150113,-0.15660941,-0.0019,0.0028,0.0003,0,0.042,-0.055,-0.025,0
20150114,-0.211458426,-0.006,0.0029,-0.005,0,-0.09,0.054,-0.025,0
20150115,0.178214486,-0.0108,-0.0095,0.0063,0,0.145,-0.051,-0.015,0
20150116,-0.008292032,0.0136,0.0047,-0.0014,0,-0.057,-0.051,0.035,0
20150120,0.015425276,0.0011,-0.0067,-0.0055,0,0.022,-0.03,0.017,0
20150121,0.073777862,0.0042,-0.0095,0.0055,0,0.068,-0.054,0.009,0
20150122,0.028691053,0.0158,0.0046,0.0041,0,-0.036,-0.053,0.049,0
20150123,-0.002270682,-0.0047,0.0051,-0.0082,0,0.05,-0.024,-0.03,0
20150126,0.174295775,0.0042,0.0057,-0.0005,0,0.042,-0.018,-0.009,0
20150127,-0.036530515,-0.0121,0.0067,0.0023,0,0.079,0.015,0.002,0
20150128,-0.112228632,-0.0139,-0.0008,-0.0077,0,-0.055,0.049,-0.031,0
20150129,-0.001710059,0.0098,0.0024,0,0,-0.038,-0.036,-0.006,0
20150130,-0.030319901,-0.013,-0.0077,0.0003,0,-0.019,0.091,0.007,0
20150202,0.052113236,0.0125,-0.0046,0.01,0,0.048,-0.042,0.041,0
20150203,-0.046005961,0.0149,0.0017,0.0051,0,0.125,-0.082,0.087,0
20150204,-0.001848022,-0.0035,-0.0007,-0.0021,0,-0.003,0.025,-0.013,0
20150205,-0.042935861,0.011,0.0047,-0.0016,0,0.072,-0.014,-0.018,0
20150206,0.023766754,-0.002,0.0007,0.0038,0,-0.086,0.011,-0.009,0
20150209,-0.009717911,-0.0046,-0.0039,0.0009,0,-0.024,0.056,0.004,0
20150210,-0.001226659,0.0104,-0.0031,-0.007,0,0.023,-0.034,-0.031,0
20150211,-0.002956696,0.0003,-0.0011,-0.0033,0,-0.044,0,-0.019,0
20150212,0.011724987,0.01,0.0016,-0.0009,0,0.156,-0.024,0.049,0
20150213,0.061643218,0.0047,0.0018,-0.0029,0,0.061,-0.022,0.031,0
20150217,0.034744935,0.0017,-0.0002,0,0,0.031,-0.015,-0.012,0
20150218,-0.029883831,0.0003,0.0029,-0.0081,0,0.077,-0.001,0.008,0
20150219,0.016713917,-0.0001,0.0027,-0.0035,0,0.016,-0.004,-0.026,0
20150220,0.014566339,0.0061,-0.004,-0.0026,0,0.03,-0.01,-0.011,0
20150223,-0.02005907,-0.0008,0.0004,-0.0038,0,0.019,-0.013,-0.045,0
20150224,-0.000627904,0.0032,-0.0004,0.0069,0,0.043,-0.02,0.026,0
20150225,-0.005319595,0.0002,0.0022,-0.0051,0,0.027,0.035,-0.009,0
20150226,-0.004379501,-0.0008,0.0062,-0.0049,0,-0.036,-0.009,0.002,0
20150227,0.073594721,-0.0036,-0.0021,0.0022,0,0.019,-0.001,-0.021,0
20150302,0.086041839,0.0062,0.0023,-0.0043,0,-0.019,-0.015,-0.014,0
20150303,0.02187398,-0.0043,-0.0031,0.003,0,-0.037,0.03,-0.02,0
20150304,-0.03056443,-0.0041,0.0009,-0.004,0,-0.037,-0.005,-0.015,0
20150305,0.011314951,0.0015,0.0024,-0.0043,0,0.019,-0.02,-0.019,0
20150306,-0.012528061,-0.0129,0.0027,0.0043,0,-0.096,0.022,-0.015,0
20150309,0.061931652,0.0037,0.0008,-0.0002,0,-0.038,0.004,-0.008,0
20150310,0.007423777,-0.0163,0.0042,-0.0047,0,-0.164,0.076,-0.007,0
20150311,0.015834933,-0.0004,0.0057,0.0052,0,-0.009,-0.029,0.009,0
20150312,-0.006849315,0.0128,0.0038,0.005,0,0.091,0.004,-0.009,0
20150313,-0.030609818,-0.0057,0.0021,-0.0003,0,-0.057,0.032,-0.048,0
20150316,0.018399103,0.0123,-0.0077,-0.0042,0,0.096,-0.055,-0.01,0
20150317,-0.017516088,-0.002,0.0054,-0.0002,0,-0.015,-0.013,0.021,0
20150318,-0.102276708,0.0108,-0.0051,0,0,0.228,-0.045,-0.024,0
20150319,0.018064768,-0.0036,0.0087,-0.011,0,-0.109,0.013,-0.02,0
20150320,0.003142605,0.0081,-0.0014,0.0054,0,0.184,-0.045,0.025,0
20150323,0.019063992,-0.0019,0.0021,0.0023,0,0.067,0.032,0.028,0
20150324,-0.079290695,-0.0051,0.0058,-0.0028,0,0.007,0.004,0.028,0
20150325,0.002483814,-0.0156,-0.0098,0.0104,0,-0.025,0.026,0.049,0
20150326,0.009463851,-0.0022,0.0011,-0.0006,0,-0.116,0.027,0.014,0
20150327,-0.006035489,0.0032,0.005,-0.007,0,-0.007,-0.018,-0.035,0
20150330,0.002024046,0.0124,0.0001,-0.0004,0,0.011,-0.041,-0.006,0
20150331,-0.013372117,-0.0075,0.0042,0.0037,0,-0.095,0.1,-0.012,0
20150401,0.01248874,-0.0038,0.0034,0.0042,0,0.023,-0.021,0.031,0
20150402,0.02317305,0.0035,-0.0008,0.0031,0,0.107,-0.003,0.009,0
20150406,0.009841897,0.0061,-0.0027,-0.0015,0,-0.033,0.018,-0.01,0
20150407,-0.00904145,-0.0022,-0.0019,-0.0016,0,0.045,-0.07,0.002,0
20150408,-0.032230034,0.0037,0.0053,-0.0072,0,0.022,0.08,-0.044,0
20150409,-0.005468941,0.0041,-0.007,-0.0006,0,0.014,-0.019,-0.028,0
20150410,-0.031229481,0.0049,-0.0007,-0.0028,0,0.032,0.014,-0.013,0
20150413,-0.048629644,-0.0038,0.0049,0.0023,0,-0.005,0.069,-0.016,0
20150414,-0.02417739,0.0011,-0.0019,0.0019,0,0.051,0.057,0.02,0
20150415,0.021308633,0.0057,0.0025,0.0032,0,0.058,-0.026,0.033,0
20150416,0.021176786,-0.0008,-0.0008,-0.002,0,0.029,0.041,0.013,0
20150417,-0.024893906,-0.0123,-0.0046,0.0023,0,-0.1,0.045,0.018,0
20150420,0.007851759,0.0095,0.0016,-0.0027,0,-0.014,-0.07,0.027,0
20150421,0.047366781,-0.001,0.0019,-0.0076,0,0.058,-0.011,-0.052,0
20150422,-0.004632975,0.0046,-0.0037,0.0016,0,0,0.019,-0.002,0
20150423,0.0097361,0.0029,0.0029,-0.0022,0,0.061,-0.013,0.025,0
20150424,-0.021948744,0.0017,-0.0051,-0.0028,0,0.066,0.012,-0.005,0
20150427,-0.008561422,-0.0054,-0.007,0.0056,0,0.082,-0.016,0,0
20150428,-0.015002835,0.0027,0.0021,0.0102,0,-0.001,0.043,0.021,0
20150429,-0.000177109,-0.0038,-0.0074,0.0074,0,-0.049,0.083,0.019,0
20150430,0.045790709,-0.0111,-0.0106,0.0077,0,-0.049,-0.001,0.033,0
20150501,-0.017234808,0.0101,-0.0031,-0.0063,0,-0.052,-0.034,0.001,0
20150504,0.029903482,0.0032,0.0003,0.0025,0,0.031,0.008,0,0
20150505,-0.012132876,-0.0119,-0.0015,0.0051,0,-0.063,0.056,-0.013,0
20150506,-0.026850754,-0.0031,0.0064,-0.0013,0,0.041,-0.016,0.032,0
20150507,0.032857516,0.0039,0.0004,-0.004,0,-0.062,-0.01,-0.001,0
20150508,0.027514431,0.0121,-0.0057,-0.0012,0,0.148,-0.04,-0.044,0
20150511,-0.006971213,-0.0039,0.0067,-0.0003,0,-0.002,0.048,0.001,0
20150512,-0.004335976,-0.0027,0,0.0007,0,-0.02,0.052,0.013,0
20150513,-0.019617602,0.0001,0,0.0002,0,0.097,0.015,-0.01,0
20150514,0.002326762,0.0101,-0.0011,-0.0035,0,0.048,-0.034,-0.004,0
20150515,0.002827839,0.0005,-0.0024,-0.0021,0,0.025,0.023,-0.02,0
20150518,-0.018813131,0.0044,0.0074,-0.0009,0,-0.038,0.02,-0.025,0
20150519,-0.005061554,-0.0009,-0.0012,0.0023,0,-0.02,-0.002,-0.026,0
20150520,0.008924337,-0.0005,0.0022,-0.0013,0,-0.001,0.004,-0.016,0
20150521,0.005640544,0.0023,-0.003,-0.0002,0,0.046,-0.013,-0.002,0
20150522,0.021288349,-0.0022,-0.0012,-0.0014,0,-0.06,0.029,0.028,0
20150526,-0.013438735,-0.0101,-0.0002,-0.0001,0,-0.135,0.048,0,0
20150527,0.000674764,0.0093,0.0033,-0.0035,0,0.061,-0.063,0.007,0
20150528,0.000547876,-0.0012,0.001,0.0013,0,-0.004,-0.004,0.009,0
20150529,-0.001305758,-0.0058,0.0002,0.0005,0,-0.065,0.089,0.002,0
20150601,-0.059763813,0.0017,-0.0004,-0.0022,0,-0.046,0.05,-0.02,0
20150602,0.012873996,-0.0002,0.0032,0.0033,0,0.091,0.014,0.048,0
20150603,0.000310009,0.0039,0.0086,-0.0024,0,0.049,-0.041,0.039,0
20150604,-0.006862354,-0.0088,-0.001,-0.0001,0,-0.079,0.038,0.004,0
20150605,0.002808488,0.0006,0.008,0.0005,0,-0.15,0.05,-0.008,0
20150608,0.01573683,-0.0066,0.0005,0.0003,0,0.03,0.034,0.008,0
20150609,0.002450873,0.0002,-0.0031,0.0035,0,-0.062,-0.031,0.006,0
20150610,-0.001091465,0.012,0.0015,0.0019,0,0.15,-0.05,-0.008,0
20150611,0.003977273,0.0021,-0.001,-0.0011,0,0.026,0.023,-0.048,0
20150612,0.001175395,-0.0063,0.0033,0.0013,0,-0.052,0.072,-0.019,0
20150615,0.029741717,-0.0045,0.0011,-0.0013,0,-0.079,0.028,-0.019,0
20150616,0.059454438,0.0057,0.001,0,0,-0.008,-0.037,-0.019,0
20150617,-0.006456756,0.0016,-0.0029,-0.0063,0,0.021,0.045,-0.02,0
20150618,-0.001083119,0.0099,0.0021,-0.0043,0,0.021,-0.03,-0.011,0
20150619,-0.017669973,-0.0043,0.0056,-0.002,0,0.023,0.01,0.004,0
20150622,0.009729774,0.0063,0.0008,-0.0006,0,0.146,-0.13,0.038,0
20150623,-0.010891129,0.0012,0.0024,0.0027,0,0.014,-0.004,0.006,0
20150624,-0.015513713,-0.0079,-0.0011,0.0013,0,-0.012,0.026,0.02,0
20150625,0.009521434,-0.0025,0.0036,-0.002,0,-0.013,-0.003,0.012,0
20150626,0.003253707,-0.0006,-0.0023,0.0045,0,-0.051,-0.001,0.019,0
20150629,0.055297837,-0.0215,-0.0042,0.0018,0,-0.2,0.049,-0.014,0
20150630,0.023379756,0.0033,0.0031,-0.0067,0,-0.076,0.105,-0.01,0
20150701,-0.01691565,0.006,-0.0077,-0.0006,0,0.029,-0.02,-0.037,0
20150702,-0.012412033,-0.0011,-0.0056,-0.0004,0,0.027,-0.028,0.009,0
20150706,0.053326025,-0.0037,0.0016,-0.0055,0,-0.167,-0.035,-0.061,0
20150707,-0.010482102,0.0053,-0.0044,-0.0025,0,-0.095,0.027,-0.036,0
20150708,0.017204463,-0.0168,-0.0003,0.0008,0,-0.068,-0.112,0.006,0
20150709,-0.005760922,0.0028,0.0016,-0.0003,0,0.111,-0.005,-0.036,0
20150710,0.05816588,0.0124,0.0023,-0.0055,0,0.183,-0.103,-0.005,0
20150713,0.025132507,0.0114,-0.0007,-0.0041,0,0.056,0.024,-0.008,0
20150714,-0.015716487,0.0047,0.0015,0.0012,0,0.085,0.02,-0.018,0
20150715,-0.005670354,-0.0019,-0.0081,-0.0008,0,-0.014,-0.023,0,0
20150716,-0.027079033,0.0078,-0.0017,-0.0062,0,0.059,-0.018,-0.026,0
20150717,0.004962422,0.0005,-0.006,-0.0064,0,-0.022,0.033,-0.043,0
20150720,-0.001753319,-0.0001,-0.0072,-0.0057,0,0.005,-0.02,-0.035,0
20150721,-0.011291132,-0.0047,0.0003,0.003,0,0.032,0.054,0.018,0
20150722,0.005039336,-0.0018,0.0018,0.0019,0,-0.089,0.033,-0.017,0
20150723,-0.004220475,-0.006,-0.0036,-0.0035,0,0.019,0.001,-0.022,0
20150724,0.044303568,-0.0108,-0.0061,-0.0002,0,-0.076,0.035,-0.022,0
20150727,0.018523658,-0.0074,-0.0025,0.0008,0,-0.102,-0.024,0.003,0
20150728,0.002758668,0.0123,-0.0034,-0.0012,0,0.049,-0.019,-0.014,0
20150729,-0.016438542,0.0074,-0.0036,0.0052,0,0.033,-0.024,0,0
20150730,-0.006457405,0.0012,0.0017,-0.0025,0,0.004,-0.016,0.03,0
20150731,-0.010670096,-0.0015,0.0082,-0.0099,0,0.067,-0.02,-0.012,0
20150803,-0.012014755,-0.0035,-0.0033,-0.0017,0,-0.002,-0.033,-0.034,0
20150804,0.014187676,-0.0014,0.0009,-0.0019,0,-0.033,0.023,-0.037,0
20150805,-0.011710259,0.0036,0.0001,-0.0045,0,0.058,-0.056,0.013,0
20150806,-0.011707109,-0.0088,-0.0053,0.0199,0,-0.02,0.016,0.053,0
20150807,0.003589633,-0.0036,-0.0046,-0.0035,0,-0.025,0.014,0.044,0
20150810,-0.054045354,0.0132,0.0016,0.0069,0,0.1,-0.012,-0.004,0
20150811,0.022384391,-0.0098,-0.0008,0.0043,0,-0.111,0.061,0.021,0
20150812,-0.01483043,0.0007,-0.0009,-0.0028,0,-0.109,0.063,0.024,0
20150813,-0.008634282,-0.0014,-0.0043,0.0001,0,0.041,-0.038,-0.031,0
20150814,0.00605877,0.0043,0.0013,0.0044,0,-0.02,0.023,-0.041,0
20150817,-0.028982234,0.006,0.0044,-0.0087,0,-0.01,0.014,0.005,0
20150818,-0.181797039,-0.0035,-0.0063,0.0035,0,-0.032,0.001,-0.015,0
20150819,0.073905628,-0.0085,-0.0012,-0.0022,0,-0.089,0.025,-0.001,0
20150820,0.03824775,-0.0224,-0.0028,0.006,0,-0.12,0.037,0.005,0
20150821,-0.011812195,-0.0295,0.0182,0.0014,0,-0.186,0.052,-0.002,0
20150824,-0.09489616,-0.039,0.0034,-0.0043,0,-0.337,-0.049,-0.002,0
20150825,0.052779097,-0.0117,0.0069,-0.0061,0,0.097,-0.124,-0.046,0
20150826,0.019042462,0.0368,-0.0135,-0.0038,0,-0.087,0.121,-0.007,0
20150827,-0.004693796,0.024,-0.0068,0.006,0,0.201,-0.055,0.002,0
20150828,0.029496819,0.0023,0.0097,0.0008,0,0.077,0.059,0.051,0
20150831,-0.005790838,-0.0074,0.0077,0.0142,0,-0.033,0.063,-0.007,0
20150901,-0.008432583,-0.0291,0.0032,-0.005,0,-0.215,0.064,0.01,0
20150902,0.005085043,0.0181,-0.0016,-0.0093,0,-0.043,-0.052,-0.036,0
20150903,-0.009159107,0.0017,-0.0032,0.0072,0,0.088,-0.06,0,0
20150904,0.013733603,-0.0139,0.009,-0.0057,0,-0.169,0.092,-0.014,0
20150908,0.057794182,0.0252,-0.0037,-0.0056,0,0.076,-0.059,0.029,0
20150909,-0.022330775,-0.0134,0.0016,0.0011,0,0.196,-0.038,0.016,0
20150910,0.001301591,0.0049,-0.0013,-0.0032,0,-0.078,0.067,-0.029,0
20150911,0.006834955,0.0044,-0.002,-0.007,0,-0.019,0.075,-0.028,0
20150914,-0.039440257,-0.0041,0.0003,0.0001,0,-0.06,0.028,-0.017,0
20150915,-0.001474159,0.0122,-0.0019,0.0024,0,0.007,-0.039,0.006,0
20150916,-0.005254017,0.0084,0.0002,0.0044,0,0.143,-0.08,0,0
20150917,0.00314287,-0.0017,0.0089,-0.0149,0,0.109,0.012,0,0
20150918,0.01375049,-0.0162,0.0046,-0.0096,0,-0.191,0.135,-0.089,0
20150921,-0.025239301,0.0036,-0.0094,0.0121,0,-0.042,-0.02,-0.028,0
20150922,0.015544498,-0.0129,-0.0027,0.0014,0,-0.21,0.146,0,0
20150923,-0.001474287,-0.0027,-0.0017,-0.0014,0,-0.02,-0.025,0.002,0
20150924,0.018455793,-0.0036,0.0025,0.0056,0,-0.122,0.042,-0.017,0
20150925,0.002600947,-0.0022,-0.0166,0.0187,0,0.144,-0.096,0.005,0
20150928,0.017011142,-0.0263,-0.0027,0.0117,0,-0.114,0.113,-0.05,0
20150929,-0.010245045,-0.0007,-0.0072,0.0072,0,-0.152,0.007,0.04,0
20150930,-0.002661709,0.0188,-0.0043,-0.0048,0,0.187,-0.069,-0.023,0
20151001,0.006311955,0.0013,-0.0045,-0.0004,0,0.037,0.016,0.011,0
20151002,-0.001094506,0.0148,0.0034,-0.0084,0,0.076,-0.018,0.007,0
20151005,0.013022041,0.0193,0.0062,0.0077,0,0.197,-0.105,0.027,0
20151006,0.023629254,-0.0043,-0.0023,0.0172,0,0.123,-0.033,0.071,0
20151007,-0.012557913,0.0094,0.007,-0.0024,0,0.053,-0.001,0.131,0
20151008,-0.002757542,0.0084,0.0024,0.0077,0,0.035,-0.028,0.007,0
20151009,0.006727198,0.0012,0.0021,-0.0108,0,0.119,-0.018,0.059,0
20151012,0.005657361,0.0006,-0.004,-0.0007,0,-0.01,0.025,-0.002,0
20151013,0.017121194,-0.0074,-0.0073,0.0069,0,-0.071,0.036,-0.051,0
20151014,0.009939481,-0.006,-0.0026,-0.0003,0,-0.009,0.031,0.009,0
20151015,0.009246399,0.0156,0.0065,-0.0015,0,0.083,-0.011,-0.021,0
20151016,0.033619063,0.0036,-0.0049,-0.0034,0,0.02,-0.08,0.003,0
20151019,0.002168372,0,0.0016,-0.0071,0,-0.035,0.022,-0.05,0
20151020,0.022851503,-0.0015,0.0002,0.0121,0,-0.008,-0.001,0.004,0
20151021,-0.011838492,-0.0074,-0.0088,-0.0018,0,0.016,-0.001,0.042,0
20151022,0.029105795,0.015,-0.0078,0.0047,0,-0.005,-0.067,-0.015,0
20151023,0.009050434,0.0109,-0.0001,-0.006,0,0.085,-0.074,-0.017,0
20151026,0.031826401,-0.002,-0.0035,-0.0071,0,0.018,0.032,-0.022,0
20151027,0.029758149,-0.0042,-0.0087,-0.0088,0,-0.091,0.039,-0.053,0
20151028,0.036863065,0.0143,0.0141,0.0064,0,0.008,-0.081,0.03,0
20151029,0.030332874,-0.002,-0.0088,0.001,0,-0.007,0.033,-0.074,0
20151030,0.045083795,-0.0041,0.0022,-0.0054,0,0.033,0.026,-0.001,0
20151102,0.101155453,0.0125,0.0085,-0.0002,0,-0.028,0.007,-0.015,0
20151103,0.116919073,0.0032,0.0045,0.0022,0,0.011,0.003,-0.005,0
20151104,0.020177483,-0.0026,0.0033,-0.0033,0,-0.019,-0.018,0.001,0
20151105,-0.061254738,-0.0008,0.0003,0.0046,0,-0.013,-0.001,-0.02,0
20151106,-0.030749321,0.0014,0.0081,0.0027,0,-0.082,0.004,0.018,0
20151109,0.015461853,-0.0095,-0.0021,-0.0005,0,-0.025,0.064,0.031,0
20151110,-0.114237627,0.0013,0,0.0027,0,-0.027,-0.016,-0.015,0
20151111,-0.07642064,-0.0043,-0.0052,-0.0018,0,0.06,-0.011,-0.05,0
20151112,0.087019416,-0.0145,-0.0051,-0.0045,0,-0.05,0.054,-0.036,0
20151113,-0.004140174,-0.0106,0.003,0.0038,0,-0.097,0.052,-0.003,0
20151116,-0.017817372,0.0139,-0.0058,0.0046,0,-0.044,-0.018,-0.012,0
20151117,0.013121693,-0.0011,-0.0012,-0.0066,0,0.119,-0.078,-0.011,0
20151118,-0.001492136,0.0161,0,-0.0009,0,0.009,0,0.008,0
20151119,-0.025224902,-0.0013,-0.0026,-0.0011,0,0.117,-0.016,-0.003,0
20151120,-0.012662885,0.0035,0.0043,-0.0041,0,-0.031,0.032,-0.06,0
20151123,0.003198559,-0.0001,0.0066,-0.0035,0,-0.028,0.018,0.005,0
20151124,-0.009286488,0.0021,0.007,0.0026,0,-0.042,0.072,0.025,0
20151125,0.025496016,0.0009,0.0087,-0.0055,0,0.04,-0.05,-0.04,0
20151127,0.090886932,0.0009,0.0022,-0.0029,0,-0.047,0.02,-0.018,0
20151130,0.053848732,-0.0047,0.0014,0.0069,0,-0.004,0.039,-0.035,0
20151201,-0.039303509,0.0097,-0.0066,0.0024,0,0.092,-0.003,0.008,0
20151202,-0.009103699,-0.0101,0.0025,-0.007,0,-0.026,0.02,-0.049,0
20151203,0.005178318,-0.015,-0.0022,0.0043,0,0.017,0.088,0.02,0
20151204,0.00589946,0.0186,-0.0104,-0.0052,0,-0.099,0.017,-0.017,0
20151207,0.089101823,-0.0084,-0.0086,-0.0066,0,-0.019,-0.012,-0.062,0
20151208,0.05061435,-0.0059,0.0048,-0.0123,0,-0.112,0.046,-0.007,0
20151209,0.004812783,-0.0083,-0.0033,0.0041,0,0.042,-0.005,0.044,0
20151210,-0.00498132,0.003,0.0011,-0.0022,0,-0.078,-0.008,0.001,0
20151211,0.087753923,-0.0203,-0.0022,-0.0006,0,-0.086,0.07,-0.007,0
20151214,-0.017170421,0.0029,-0.0105,-0.0018,0,-0.13,0.052,-0.043,0
20151215,0.047593318,0.011,0.0003,0.0076,0,0.057,-0.122,-0.017,0
20151216,-0.02232872,0.0147,0.0001,-0.0064,0,0.093,-0.029,0.012,0
20151217,0.002527861,-0.0146,0.0038,-0.0031,0,0.027,-0.006,-0.008,0
20151218,0.016532187,-0.017,0.0076,-0.004,0,-0.045,0.085,0.003,0
20151221,-0.053880333,0.0074,-0.0018,-0.0006,0,-0.035,0.034,-0.02,0
20151222,-0.004719132,0.0089,-0.0004,0.0051,0,0.039,-0.006,0.03,0
20151223,0.013354101,0.013,0.0013,0.0059,0,0.128,-0.088,0.035,0
20151224,0.028458409,-0.0011,0.003,-0.0003,0,0.032,-0.029,0.021,0
20151228,-0.07189169,-0.0029,-0.0048,-0.0038,0,0.002,0.047,-0.006,0
20151229,0.025338638,0.0105,0.0009,-0.0031,0,0.081,-0.004,-0.041,0
20151230,-0.0146889,-0.0074,-0.0017,-0.0013,0,-0.018,0.057,-0.03,0
20151231,0.009258825,-0.0092,-0.0024,0.0024,0,-0.065,0.054,0.023,0
20160104,0.005852707,-0.0159,-0.0083,0.0053,0,-0.218,0.105,0.005,0
20160105,-0.002609157,0.0012,-0.0022,0.0001,0,-0.032,-0.008,0.021,0
20160106,-0.006597833,-0.0135,-0.0012,0,0,-0.108,0.039,-0.014,0
20160107,0.067441915,-0.0244,-0.0029,0.0008,0,-0.131,0.019,-0.01,0
20160108,-0.010522869,-0.0111,-0.0047,-0.0003,0,-0.096,0.044,-0.013,0
20160111,-0.010590649,-0.0006,-0.0065,0.0034,0,-0.077,-0.026,0.008,0
20160112,-0.028410231,0.0071,-0.004,-0.0077,0,-0.026,-0.096,-0.047,0
20160113,-0.007620097,-0.0267,-0.007,0.0078,0,0.056,0.014,0.022,0
20160114,-0.004764438,0.0165,-0.0001,-0.0041,0,-0.138,-0.025,0.04,0
20160115,-0.153331319,-0.0214,0.0042,-0.0021,0,-0.163,0.058,0.01,0
20160119,0.043422172,-0.002,-0.0134,-0.0007,0,0.103,-0.05,-0.048,0
20160120,0.105432066,-0.0094,0.0185,-0.0124,0,-0.287,0.069,-0.044,0
20160121,-0.023725103,0.0045,-0.0049,0.0001,0,0.035,-0.131,-0.009,0
20160122,-0.067688783,0.0208,0.0022,-0.0019,0,0.274,-0.023,0.006,0
20160125,0.024157494,-0.0171,-0.0037,-0.0098,0,0.027,0.089,-0.096,0
20160126,0.001072167,0.0152,0.0038,0.0122,0,0.018,-0.062,0.002,0
20160127,0.007191126,-0.0111,-0.0054,0.0172,0,0.083,-0.002,0.044,0
20160128,-0.03716738,0.0049,-0.0047,0.0126,0,-0.031,0.054,0.017,0
20160129,-0.002156249,0.0257,0.0046,0.0037,0,0.123,-0.084,-0.007,0
20160201,-0.016901981,-0.0004,-0.0021,-0.0096,0.00001,0.081,0.04,-0.094,0
20160202,0.003715942,-0.02,-0.0003,-0.0034,0.00001,-0.133,0.1,-0.087,0
20160203,-0.012027626,0.0046,-0.0032,0.0044,0.00001,-0.001,0.047,-0.019,0
20160204,0.053078255,0.0027,0.002,0.0032,0.00001,0.06,-0.063,0.13,0
20160205,-0.007813075,-0.0206,-0.011,0.0175,0.00001,-0.119,0.011,0.079,0
20160208,-0.033899536,-0.0151,-0.0002,0.009,0.00001,-0.155,0.121,0.027,0
20160209,0.006898555,-0.001,-0.0047,-0.0029,0.00001,-0.177,-0.028,-0.092,0
20160210,0.014935616,0.0001,-0.0005,-0.0056,0.00001,0.046,-0.056,-0.015,0
20160211,-0.005250404,-0.0117,0.005,-0.0147,0.00001,-0.155,0.128,-0.031,0
20160212,0.012132763,0.0198,-0.0054,0.0114,0.00001,-0.029,-0.213,0.079,0
20160216,0.060443859,0.0178,0.0055,-0.0056,0.00001,0.008,0.021,-0.027,0
20160217,0.021659243,0.0175,-0.0005,-0.0063,0.00001,0.144,-0.06,-0.001,0
20160218,0.014522091,-0.0051,0,0.0021,0.00001,0.079,0.088,-0.021,0
20160219,-0.003750796,0.0006,0.0043,-0.0062,0.00001,-0.047,0.026,-0.054,0
20160222,0.04029514,0.0143,-0.0027,0.0024,0.00001,0.069,-0.018,0.012,0
20160223,-0.038867796,-0.0122,0.0047,-0.0052,0.00001,-0.089,0.064,-0.026,0
20160224,0.00999618,0.0053,0.0068,-0.0032,0.00001,-0.134,0.109,-0.014,0
20160225,-0.000974819,0.011,-0.0043,0.0023,0.00001,0.138,-0.079,0.037,0
20160226,0.017915284,-0.0001,0.0082,0.0026,0.00001,0.02,-0.057,0.049,0
20160229,0.012832763,-0.0069,0.0066,0.0026,0.00001,0.01,0.033,0.018,0
20160301,-0.005904448,0.0234,-0.0064,0.003,0.00001,0.098,-0.065,-0.037,0
20160302,-0.025589151,0.0054,0.005,0.0071,0.00001,0.148,-0.009,0.09,0
20160303,-0.005528998,0.0051,0.0044,0.0064,0.00001,0.087,0.003,0.089,0
20160304,-0.025410213,0.0037,0.0027,0.0028,0.00001,0.102,0.017,0.038,0
20160307,0.008215045,0.0021,0.0121,0.0054,0.00001,-0.006,0.044,0.008,0
20160308,-0.000854758,-0.0127,-0.0114,-0.0049,0.00001,-0.085,0.018,-0.042,0
20160309,0.002139914,0.005,0.0004,0.0038,0.00001,0.001,-0.045,-0.032,0
20160310,0.005461725,-0.0011,-0.0081,0.0063,0.00001,0.03,0.07,0.018,0
20160311,0.010921844,0.0169,0.0027,0.0019,0.00001,0.159,-0.095,0.051,0
20160314,-0.012459904,-0.0012,-0.0007,-0.0087,0.00001,0.047,0.01,-0.002,0
20160315,0.000926509,-0.0036,-0.0143,0.0067,0.00001,-0.075,0.058,-0.009,0
20160316,0.000421831,0.0063,0.001,-0.0004,0.00001,0.088,0.006,-0.016,0
20160317,0.008646867,0.0072,0.0084,0.0058,0.00001,0.1,0.018,0.044,0
20160318,-0.026328292,0.0054,0.0034,-0.0019,0.00001,-0.025,0.029,-0.001,0
20160321,0.009170808,0.001,-0.002,-0.0031,0.00001,-0.04,0.009,-0.014,0
20160322,0.011555169,-0.0005,-0.0001,-0.0045,0.00001,0.016,0.024,-0.001,0
20160323,-0.000129591,-0.0086,-0.0117,-0.0009,0.00001,-0.057,0.004,-0.071,0
20160324,-0.003956991,0,0.0047,-0.0006,0.00001,-0.109,0.083,-0.059,0
20160328,0.018818502,0.0004,-0.0003,0.0014,0.00001,0.051,0,0.001,0
20160329,-0.018184104,0.0107,0.0177,-0.0118,0.00001,0.106,0.001,-0.038,0
20160330,-0.004091437,0.0041,-0.0029,0.0014,0.00001,0.094,-0.033,-0.028,0
20160331,0.004594407,-0.0011,0.0044,-0.0048,0.00001,-0.048,0.033,-0.016,0
20160401,0.002951551,0.0064,-0.0025,-0.0062,0,-0.129,0.048,-0.052,0
20160404,0.008326156,-0.0041,-0.0025,-0.0074,0,0.005,0.01,-0.028,0
20160405,0.006145596,-0.0094,-0.0008,-0.0036,0,-0.16,0.04,-0.052,0
20160406,-0.001462161,0.0114,0.0017,-0.0082,0,0.07,-0.025,-0.014,0
20160407,-0.001558773,-0.0123,-0.0005,-0.0035,0,-0.028,0.07,-0.031,0
20160408,-0.005677114,0.0029,0.0002,0.0068,0,0.132,-0.04,0.057,0
20160411,0.005067206,-0.0028,-0.001,0.0095,0,0.029,0.034,0.028,0
20160412,0.006414505,0.0099,-0.0006,0.0085,0,0.068,-0.046,0.062,0
20160413,-0.003433759,0.0123,0.0084,0.0035,0,0.121,-0.113,0.096,0
20160414,0.001297996,0.0003,-0.0028,0.0018,0,0.09,-0.023,0.028,0
20160415,0.012798152,-0.0004,0.0033,-0.0032,0,-0.002,0.027,-0.014,0
20160418,-0.002606409,0.0065,0.0009,-0.0019,0,-0.027,0.006,-0.027,0
20160419,0.016145967,0.0029,-0.0036,0.0148,0,0.199,-0.061,0.016,0
20160420,0.013501412,0.0015,-0.001,0.0054,0,-0.02,-0.034,0.059,0
20160421,0.018215184,-0.0047,0.0011,-0.0059,0,0.028,0.019,0.063,0
20160422,-0.0082104,0.0012,0.0082,0.0049,0,-0.069,-0.021,0.048,0
20160425,0.035199892,-0.0024,-0.0058,-0.0017,0,-0.018,0.029,-0.033,0
20160426,0.01009904,0.0029,0.0065,0.0078,0,0.016,-0.041,0.059,0
20160427,-0.045913879,0.0021,0.0009,0.0068,0,0.006,0.005,0.017,0
20160428,0.009714633,-0.0096,-0.0015,0.0005,0,0.034,0.056,0.001,0
20160429,0.013563172,-0.005,-0.0014,0.0038,0,-0.017,0.101,0.017,0
20160502,-0.02292804,0.0078,-0.0001,-0.0036,0.00001,-0.02,-0.023,-0.062,0
20160503,0.012651075,-0.0105,-0.0066,-0.0049,0.00001,-0.138,0.048,-0.072,0
20160504,-0.007960255,-0.0066,-0.0015,0.0006,0.00001,-0.098,0.043,-0.028,0
20160505,0.002810559,-0.0008,-0.005,0.0009,0.00001,-0.026,0.011,-0.005,0
20160506,0.025928658,0.0038,0.0005,0.0024,0.00001,-0.022,0.031,0.013,0
20160509,0.001904708,0.0005,0.0036,-0.0148,0.00001,-0.006,-0.02,-0.107,0
20160510,-0.020836095,0.0126,-0.004,0.0047,0.00001,0.09,-0.053,0.034,0
20160511,0.004070818,-0.0089,-0.0036,0.0078,0.00001,0.022,0.058,-0.013,0
20160512,0.004495997,-0.0011,-0.006,0.0015,0.00001,-0.054,0.015,0.019,0
20160513,0.001969022,-0.0082,0.0038,-0.0066,0.00001,-0.053,-0.006,-0.019,0
20160516,-0.003323802,0.0099,0.0028,-0.0024,0.00001,0.018,-0.051,0.038,0
20160517,-0.00084671,-0.0095,-0.0078,0.0061,0.00001,0.032,0.04,0.02,0
20160518,0.001841117,0.001,0.0011,0.0083,0.00001,-0.051,-0.07,0.026,0
20160519,-0.035006261,-0.0033,-0.0032,-0.0029,0.00001,-0.071,0.063,-0.006,0
20160520,0.009039258,0.0075,0.009,-0.003,0.00001,0.088,-0.034,-0.016,0
20160523,0.003310683,-0.0018,0.0026,-0.0032,0.00001,-0.002,0.067,-0.025,0
20160524,0.00411023,0.0143,0.0068,-0.0034,0.00001,0.041,-0.098,-0.018,0
20160525,0.008106956,0.0072,-0.0021,0.0057,0.00001,0.115,-0.056,0.071,0
20160526,0.008397473,-0.0004,-0.0009,-0.0051,0.00001,0.049,-0.01,0.002,0
20160527,0.044279558,0.0049,0.0033,-0.0022,0.00001,-0.023,0,-0.032,0
20160531,0.122344581,-0.0001,0.005,-0.0036,0.00001,-0.012,0.088,-0.011,0
20160601,0.010396669,0.002,0.0065,-0.0025,0.00001,-0.021,0.035,-0.017,0
20160602,0.001945599,0.0035,0.0031,-0.0059,0.00001,-0.04,0.008,-0.019,0
20160603,0.058022976,-0.0038,-0.0014,-0.0011,0.00001,0.147,0.07,-0.019,0
20160606,0.02871503,0.006,0.0068,0.0032,0.00001,0.011,-0.046,0.01,0
20160607,-0.015277958,0.0012,0.0019,0.0011,0.00001,0.095,-0.035,0.025,0
20160608,0.008730895,0.0037,0.0045,-0.0011,0.00001,0.02,0.037,0.026,0
20160609,-0.012062128,-0.0027,-0.004,-0.0022,0.00001,-0.115,0.085,-0.026,0
20160610,0.004932311,-0.0105,-0.0034,-0.0018,0.00001,-0.197,0.086,-0.013,0
20160613,0.219758992,-0.0083,-0.0036,0.001,0.00001,-0.167,0.006,-0.016,0
20160614,-0.026728533,-0.0019,0.0027,-0.0071,0.00001,-0.186,0.015,0.034,0
20160615,0.012986674,-0.0011,0.0025,-0.0005,0.00001,0.08,-0.031,-0.005,0
20160616,0.103435793,0.0024,-0.0034,-0.004,0.00001,-0.097,-0.051,0.016,0
20160617,-0.022716216,-0.003,-0.001,0.0094,0.00001,0.132,-0.037,0.062,0
20160620,-0.015606,0.0071,0.0061,-0.0001,0.00001,0.293,-0.092,0.001,0
20160621,-0.095746744,0.0021,-0.0062,0.005,0.00001,0.012,-0.035,-0.016,0
20160622,-0.105807645,-0.002,-0.0031,0.0008,0.00001,0.035,-0.043,-0.002,0
20160623,0.046725557,0.0145,0.005,0.0043,0.00001,0.138,-0.096,0.034,0
20160624,0.066210071,-0.037,0.0015,-0.0114,0.00001,-0.657,0.273,-0.106,0
20160627,-0.015085906,-0.0207,-0.0095,-0.0067,0.00001,-0.242,0.13,-0.022,0
20160628,-0.012630752,0.0176,-0.0039,0.0014,0.00001,0.16,-0.069,-0.04,0
20160629,-0.010999181,0.018,0.0027,-0.0007,0.00001,0.246,-0.093,-0.024,0
20160630,0.05226461,0.0142,0.0035,0.0045,0.00001,0.065,-0.034,-0.025,0
20160701,0.004385996,0.0024,0.0053,-0.004,0.00001,0.105,0.015,-0.002,0
20160705,-0.008393853,-0.0085,-0.0062,-0.0136,0.00001,-0.152,0.035,-0.018,0
20160706,0.009980606,0.0062,0.0017,-0.0013,0.00001,-0.099,0.037,-0.034,0
20160707,-0.054296684,0.0002,0.0035,-0.002,0.00001,0.022,-0.016,0.004,0
20160708,0.040517039,0.016,0.0089,0.0034,0.00001,0.063,-0.047,0.043,0
20160711,-0.028306225,0.0043,0.006,0.0026,0.00001,0.133,-0.04,0.047,0
20160712,0.026068498,0.0075,0.0062,0.0099,0.00001,0.109,-0.033,0.078,0
20160713,-0.015178159,-0.0005,-0.0053,0.0051,0.00001,0.032,0.019,0.022,0
20160714,0.005505914,0.0051,-0.0046,0.0044,0.00001,0.072,-0.04,0.035,0
20160715,0.007846188,-0.0005,0.003,0,0.00001,-0.036,-0.005,0.069,0
20160718,0.014856189,0.0025,-0.0002,-0.0012,0.00001,0.012,-0.011,-0.037,0
20160719,-0.00038141,-0.0022,-0.0062,0.0005,0.00001,-0.038,0.036,-0.016,0
20160720,-0.010680868,0.0048,0.0045,-0.0087,0.00001,0.048,-0.033,-0.062,0
20160721,-0.00101649,-0.0038,-0.0005,-0.0001,0.00001,0.034,0.026,0.07,0
20160722,-0.021648772,0.0048,0.0023,-0.0008,0.00001,-0.048,-0.017,-0.017,0
20160725,0.005338744,-0.0027,-0.0002,-0.0024,0.00001,0.012,0.018,-0.025,0
20160726,-0.003556858,0.0013,0.0057,0.0054,0.00001,0.014,-0.004,-0.019,0
20160727,0.003933048,-0.0014,0.0058,-0.0044,0.00001,0.08,-0.007,0.059,0
20160728,0.001029199,0.0018,-0.0041,-0.0034,0.00001,-0.056,0.038,-0.038,0
20160729,0.002982229,0.0017,-0.0002,0.0004,0.00001,0.181,0.006,0.05,0
20160801,-0.077210566,-0.0016,0.0018,-0.0087,0.00001,-0.047,-0.014,-0.035,0
20160802,-0.096996491,-0.007,-0.0058,0.0017,0.00001,-0.036,0.067,-0.081,0
20160803,0.034494174,0.0045,0.0046,0.0083,0.00001,-0.105,-0.009,0.017,0
20160804,0.021054341,0.0005,0.0008,-0.0034,0.00001,0.051,-0.027,0.089,0
20160805,-0.005630018,0.0093,0.0043,0.0086,0.00001,0.017,-0.048,0.031,0
20160808,0.027831541,-0.0006,0.0002,0.0057,0.00001,0.05,-0.012,0.115,0
20160809,-0.005508689,0.0005,-0.0002,-0.0032,0.00001,0.111,-0.041,0,0
20160810,0.007305413,-0.0029,-0.0045,-0.0013,0.00001,0.035,0.016,-0.006,0
20160811,-0.005042934,0.0054,0.0014,0.0004,0.00001,0.02,-0.033,-0.012,0
20160812,-0.002658017,-0.0006,0.0008,-0.0018,0.00001,0.039,0.031,-0.019,0
20160815,-0.034593702,0.0039,0.0073,0.0039,0.00001,0.011,0.006,-0.028,0
20160816,0.017971807,-0.0057,-0.0027,0.0061,0.00001,-0.005,0.023,0.008,0
20160817,-0.007318119,0.0012,-0.0055,0.0025,0.00001,-0.024,-0.006,0.046,0
20160818,0.001908984,0.0032,0.0045,0.0037,0.00001,0.045,0.007,0.014,0
20160819,0.002270958,-0.0011,0.0012,-0.0012,0.00001,-0.062,0.033,0.012,0
20160822,0.019307965,-0.0002,0.0026,-0.0041,0.00001,0.008,0.008,-0.025,0
20160823,-0.005702373,0.0027,0.0056,-0.0001,0.00001,0.042,-0.037,-0.01,0
20160824,-0.005546415,-0.0056,-0.0048,0.004,0.00001,-0.008,0.007,0.011,0
20160825,-0.004181119,-0.0008,0.0019,0.0048,0.00001,-0.04,0.015,0.007,0
20160826,0.003261255,-0.0015,0.0015,-0.0013,0.00001,-0.083,-0.002,0.022,0
20160829,-0.009567492,0.0053,-0.0007,0.0035,0.00001,0.026,-0.003,0.022,0
20160830,0.005894792,-0.0014,0.001,0.0031,0.00001,-0.033,-0.033,0.025,0
20160831,-0.003525152,-0.0024,-0.0039,0.0014,0.00001,-0.004,0.021,0.05,0
20160901,-0.005518541,0.0003,0.0012,-0.0049,0.00001,0.05,0.01,0,0
20160902,0.005651366,0.0053,0.0039,0.0036,0.00001,0.082,-0.089,-0.012,0
20160906,0.060628705,0.0026,0.0006,-0.0053,0.00001,0.106,0.073,-0.028,0
20160907,0.006706467,0.0009,0.0061,0.0003,0.00001,0.013,0.023,-0.011,0
20160908,0.019158809,-0.0018,-0.0002,0.0057,0.00001,-0.034,0.017,0.047,0
20160909,-0.005534333,-0.0247,-0.0055,0.0031,0.00001,-0.114,0.026,0.055,0
20160912,-0.023482369,0.0144,0,-0.0047,0.00001,-0.07,0.013,-0.036,0
20160913,0.001634088,-0.0148,-0.0025,-0.0047,0.00001,-0.112,0.04,-0.069,0
20160914,0.002353601,-0.0008,0.0011,-0.0083,0.00001,0,0,-0.022,0
20160915,-0.005790441,0.0107,0.0031,-0.0033,0.00001,0.032,-0.014,-0.031,0
20160916,-0.000306467,-0.0036,0.0033,-0.0046,0.00001,-0.08,0.079,-0.023,0
20160919,0.003713413,0.0005,0.004,0.0016,0.00001,0.083,-0.042,0.017,0
20160920,-0.001520103,-0.0002,-0.0021,-0.0051,0.00001,0.011,-0.008,-0.028,0
20160921,-0.018355909,0.0112,0.0014,0.0033,0.00001,0.159,0.006,0.099,0
20160922,-0.001433428,0.007,0.0085,-0.0005,0.00001,0.093,-0.057,0.008,0
20160923,0.010957634,-0.006,-0.001,-0.0019,0.00001,-0.047,0.056,-0.027,0
20160926,0.008615838,-0.0088,-0.0023,-0.0035,0.00001,-0.082,0.062,-0.028,0
20160927,-0.003085456,0.0064,-0.0007,-0.0053,0.00001,0.005,0.01,-0.042,0
20160928,-0.002385571,0.0056,0.0021,0.011,0.00001,0.042,0.008,-0.009,0
20160929,0.001577485,-0.0098,-0.0042,0.0054,0.00001,0.016,-0.004,0.094,0
20160930,0.006676589,0.0088,0.0038,0.0035,0.00001,-0.034,-0.018,-0.024,0
20161003,0.003909703,-0.0026,-0.0003,-0.0013,0.00001,0.01,0.016,-0.002,0
20161004,-0.003162925,-0.0046,0.0004,0.0009,0.00001,-0.004,-0.032,0.01,0
20161005,0.003775644,0.0058,0.0028,0.0078,0.00001,-0.002,0.01,0.073,0
20161006,0.000822639,-0.0006,-0.0027,0.0037,0.00001,-0.053,0.012,0.05,0
20161007,0.006678199,-0.0038,-0.0051,0.0016,0.00001,-0.029,0.013,0.065,0
20161010,0.003020205,0.0052,0.0057,0.0001,0.00001,0.01,-0.039,0.014,0
20161011,0.035661012,-0.013,-0.0059,0.0049,0.00001,-0.082,0.043,0.005,0
20161012,-0.007622273,0.0006,-0.0023,0.0037,0.00001,-0.071,0.008,0,0
20161013,0.000933114,-0.0042,-0.0068,-0.0063,0.00001,-0.01,0.045,-0.03,0
20161014,0.005627651,0.0001,-0.0036,0.0057,0.00001,0.029,-0.031,0.014,0
20161017,-0.001868272,-0.0029,-0.0005,0.0014,0.00001,-0.015,0.028,0.027,0
20161018,-0.00193431,0.006,-0.0016,0.0003,0.00001,0.089,-0.032,0.021,0
20161019,-0.011672173,0.0025,0.0004,0.0091,0.00001,0.038,0.014,0.012,0
20161020,0.000529237,-0.0016,-0.0003,-0.0011,0.00001,-0.01,-0.016,0.046,0
20161021,0.003112721,0.0002,-0.0012,-0.0032,0.00001,-0.032,0.011,0.032,0
20161024,0.033063653,0.0054,0.0006,-0.0016,0.00001,0.004,-0.004,0.047,0
20161025,0.005848419,-0.0046,-0.0058,0.0023,0.00001,-0.003,-0.004,0.049,0
20161026,0.031483788,-0.0023,-0.0085,0.0074,0.00001,-0.021,0.001,0.002,0
20161027,0.014747482,-0.0033,-0.0096,0.006,0.00001,-0.038,-0.034,0.03,0
20161028,0.001936797,-0.0029,-0.001,0.001,0.00001,0.045,0.008,0.059,0
20161031,0.016404123,0.0002,0.0002,0.0014,0.00001,-0.023,0.007,0,0
20161101,0.041104456,-0.0068,-0.0035,0.0017,0.00001,0.011,0.027,0.013,0
20161102,0.015117639,-0.0073,-0.0066,0.0035,0.00001,-0.088,0.02,-0.03,0
20161103,-0.070377021,-0.004,-0.0047,0.0102,0.00001,0.009,0.017,0.031,0
20161104,0.02110224,-0.0012,0.0086,-0.0043,0.00001,-0.082,0.023,-0.002,0
20161107,-0.000166419,0.0223,0.002,-0.0016,0.00001,0.046,-0.052,0.009,0
20161108,0.009547265,0.004,-0.0008,-0.0019,0.00001,0.011,-0.029,0.025,0
20161109,0.018895403,0.0146,0.0183,0.0099,0.00001,-0.149,-0.092,-0.018,0
20161110,-0.010711398,0.0032,0.0114,0.018,0.00001,0.109,0.082,0.131,0
20161111,0.001219858,0.0018,0.025,-0.0004,0.00001,-0.062,-0.004,0.054,0
20161114,-0.015908717,0.0021,0.0058,0.0143,0.00001,-0.062,0.023,0.069,0
20161115,0.009351437,0.008,-0.0055,0.0015,0.00001,0.019,-0.028,0.004,0
20161116,0.045772862,-0.0012,0.003,-0.0056,0.00001,-0.007,0.046,-0.019,0
20161117,-0.004336794,0.0056,0.0013,-0.0013,0.00001,-0.012,-0.037,-0.027,0
20161118,0.014308875,-0.0016,0.0056,0.0039,0.00001,-0.044,0.05,-0.021,0
20161121,-0.016428526,0.0077,-0.0026,0.0008,0.00001,0.073,-0.024,0.032,0
20161122,0.01635794,0.0031,0.0054,0.0058,0.00001,0.027,0.003,0.058,0
20161123,-0.009007138,0.0016,0.0052,0.0018,0.00001,-0.065,-0.003,-0.002,0
20161125,-0.003958482,0.004,-0.0008,-0.0024,0.00001,0.049,-0.024,-0.029,0
20161128,-0.007884334,-0.0064,-0.0077,0.0007,0.00001,0.004,0.058,-0.007,0
20161129,-0.0002954,0.0011,-0.0036,-0.0007,0.00001,0.016,-0.034,-0.013,0
20161130,0.013706694,-0.0025,-0.004,0.0225,0.00001,-0.041,-0.017,0.042,0
20161201,0.014848721,-0.0036,-0.0067,0.0206,0.00001,0.042,0.017,0.132,0
20161202,0.027964153,0,0.0005,-0.0032,0.00001,-0.005,0.009,0.043,0
20161205,-0.024741984,0.0075,0.011,0.0028,0.00001,0.052,-0.04,0.036,0
20161206,0.007265603,0.0048,0.0063,0.0023,0.00001,0.047,-0.032,0.088,0
20161207,0.005106328,0.0126,-0.0063,0.0052,0.00001,0.11,-0.043,0.1,0
20161208,0.003478993,0.0036,0.0115,0.0059,0.00001,0.026,-0.027,0.06,0
20161209,0.002558726,0.0046,-0.0028,0.0012,0.00001,0.005,-0.032,-0.051,0
20161212,0.009436292,-0.003,-0.0094,-0.001,0.00001,0.037,0.003,0.004,0
20161213,0.000592495,0.006,-0.0051,-0.0028,0.00001,0.068,-0.04,-0.059,0
20161214,0.001168641,-0.0082,-0.0036,-0.0028,0.00001,-0.135,0.015,-0.029,0
20161215,-0.004347923,0.0046,0.0037,0.0028,0.00001,-0.061,-0.028,0.002,0
20161216,0.008755053,-0.0022,0.0005,-0.0041,0.00001,0.044,-0.013,0.009,0
20161219,0.009927445,0.0022,0.0031,0.0009,0.00001,-0.022,0.005,-0.038,0
20161220,0.010296417,0.0044,0.0043,0.0068,0.00001,0.012,-0.019,-0.002,0
20161221,0.041694125,-0.0024,-0.0038,0.0023,0.00001,0.005,0.004,0.009,0
20161222,0.036260796,-0.003,-0.0075,0.0025,0.00001,-0.007,0,-0.01,0
20161223,0.066429957,0.0019,0.0056,-0.0051,0.00001,0.011,0.005,-0.01,0
20161227,0.012159461,0.0027,0.0021,0.0013,0.00001,-0.002,0.001,-0.016,0
20161228,0.045767968,-0.0087,-0.0027,0.0009,0.00001,0.008,0.063,0.005,0
20161229,-0.002489711,-0.0004,0.0013,-0.0031,0.00001,0.028,0.012,-0.039,0
20161230,-0.012603734,-0.0052,-0.0011,0.0021,0.00001,0.019,0.022,-0.016,0
20170103,0.085910673,0.0083,-0.0011,0.0008,0.00002,0.019,-0.01,0.058,0
20170104,0.106212756,0.0079,0.0096,-0.0015,0.00002,0.131,0.004,0.055,0
20170105,-0.122429568,-0.0021,-0.0086,-0.008,0.00002,0.132,0.011,-0.02,0
20170106,-0.109732053,0.0029,-0.0063,-0.0031,0.00002,-0.085,0.001,-0.027,0
20170109,0.000678293,-0.0037,-0.0027,-0.0104,0.00002,0.019,0.008,-0.03,0
20170110,0.005351997,0.0016,0.0097,0.0056,0.00002,-0.001,0.016,0.008,0
20170111,-0.143154144,0.0031,-0.0032,0.0053,0.00002,0.061,-0.019,0.044,0
20170112,0.034785081,-0.003,-0.0057,-0.0089,0.00002,-0.024,0.023,0.015,0
20170113,0.023773845,0.0029,0.0063,-0.0008,0.00002,0.082,-0.034,0,0
20170117,0.101875677,-0.0049,-0.0086,-0.0059,0.00002,0.064,0.015,0.008,0
20170118,-0.023501728,0.0024,0.0017,0.0024,0.00002,-0.088,-0.023,-0.002,0
20170119,0.014022092,-0.0038,-0.005,-0.0004,0.00002,0.035,0.007,0.02,0
20170120,-0.004513532,0.0033,0.0006,0.0018,0.00002,0.038,0.002,0.022,0
20170123,0.02900696,-0.0029,-0.0002,-0.003,0.00002,0.023,0.044,-0.001,0
20170124,-0.030768852,0.0083,0.0068,0.008,0.00002,-0.009,-0.008,0.027,0
20170125,0.009893856,0.0084,0.0015,0.0035,0.00002,0.12,-0.021,0.034,0
20170126,0.017782871,-0.001,-0.0062,0.0038,0.00002,-0.031,-0.006,0.005,0
20170127,0.002333993,-0.0012,0.0003,-0.0066,0.00002,-0.004,-0.002,-0.033,0
20170130,0.000664969,-0.0068,-0.0072,-0.0041,0.00002,-0.049,0.052,-0.027,0
20170131,0.054327117,0,0.0088,-0.0055,0.00002,0.015,0.027,-0.02,0
20170201,0.019167964,0.0004,-0.0005,0.0002,0.00002,0.03,0.008,0.029,0
20170202,0.023012901,-0.0002,-0.0026,-0.0031,0.00002,-0.02,0.004,-0.018,0
20170203,0.017878794,0.0082,0.0055,0.0064,0.00002,0.046,-0.011,0.009,0
20170206,0.007980699,-0.0027,-0.0057,-0.002,0.00002,-0.025,0.041,-0.002,0
20170207,0.022327445,-0.0001,-0.003,-0.0051,0.00002,-0.041,-0.016,-0.029,0
20170208,0.001600578,0.0006,-0.0024,-0.0053,0.00002,0.047,0.001,-0.036,0
20170209,-0.064634748,0.0072,0.0071,0.0002,0.00002,-0.025,-0.024,-0.008,0
20170210,-0.005762272,0.0038,0.0039,0.0012,0.00002,0.073,0.015,0.035,0
20170213,0.001972576,0.0049,-0.0032,0.0032,0.00002,0.033,-0.006,0.029,0
20170214,0.014021428,0.0045,-0.0023,0.0033,0.00002,-0.04,0.037,0.03,0
20170215,0.002896729,0.0054,0.0019,-0.0044,0.00002,0.066,-0.007,0.02,0
20170216,0.019791808,-0.0016,-0.0021,-0.0003,0.00002,0.042,0,0.003,0
20170217,0.018248707,0.002,-0.0001,-0.0057,0.00002,-0.041,0.007,-0.055,0
20170221,0.066018367,0.006,-0.0004,0.0013,0.00002,-0.004,-0.013,0.004,0
20170222,0.001898766,-0.0015,-0.0038,0.0011,0.00002,0.018,-0.011,-0.015,0
20170223,0.044080802,-0.0011,-0.0068,0.0026,0.00002,0.027,0.002,-0.024,0
20170224,0.005945442,0.0015,0.0004,-0.0092,0.00002,-0.078,0.025,-0.023,0
20170227,0.005339212,0.0022,0.0082,-0.0034,0.00002,-0.032,-0.01,-0.029,0
20170228,-0.00002,-0.0042,-0.0138,0.0021,0.00002,-0.008,0.014,0.016,0
20170301,0.036033289,0.0147,0.0043,0.0071,0.00001,0.079,-0.067,0.04,0
20170302,0.023311063,-0.007,-0.0053,-0.0088,0.00001,-0.019,-0.009,-0.001,0
20170303,0.019158512,0.0009,-0.0021,0.0013,0.00001,0.044,-0.016,0.019,0
20170306,-0.001704131,-0.0038,-0.0036,-0.001,0.00001,-0.037,0.022,-0.019,0
20170307,-0.038734732,-0.0036,-0.0029,-0.0005,0.00001,-0.017,0.004,-0.001,0
20170308,-0.060114288,-0.0019,-0.001,-0.0082,0.00001,-0.041,0.003,-0.014,0
20170309,0.033459565,0.0004,-0.0047,-0.0028,0.00001,0.011,-0.028,-0.024,0
20170310,-0.060397551,0.0034,0.0009,-0.0039,0.00001,0.096,-0.008,0.008,0
20170313,0.103149252,0.0013,0.0033,-0.0002,0.00001,0.026,-0.004,-0.004,0
20170314,0.006548867,-0.0036,-0.0023,0.0003,0.00001,-0.055,0.015,-0.032,0
20170315,0.00774,0.0086,0.0073,-0.0042,0.00001,0.13,-0.026,0.029,0
20170316,-0.04946543,-0.0006,0.0045,0.0024,0.00001,0.079,-0.012,0.022,0
20170317,-0.073742331,-0.0008,0.0062,-0.0026,0.00001,0.006,0.018,-0.021,0
20170320,-0.04181944,-0.0025,-0.0007,-0.0075,0.00001,0,0.02,-0.009,0
20170321,0.062888988,-0.0148,-0.0134,-0.0068,0.00001,0.004,0.023,0.005,0
20170322,-0.063729278,0.0016,-0.003,-0.0054,0.00001,-0.074,-0.006,-0.044,0
20170323,-0.010065855,-0.0003,0.0069,0.0046,0.00001,0.045,-0.016,-0.013,0
20170324,-0.097324628,-0.0005,0.0012,-0.0024,0.00001,0.024,0.003,-0.011,0
20170327,0.115454203,-0.0005,0.0056,-0.0052,0.00001,-0.003,-0.019,-0.03,0
20170328,0.001309602,0.0072,-0.0015,0.0071,0.00001,0.034,0.009,0.047,0
20170329,-0.006866706,0.0018,0.004,-0.0006,0.00001,0.036,0.008,-0.007,0
20170330,-0.013029606,0.0036,0.0033,0.0093,0.00001,-0.058,-0.02,0.006,0
20170331,0.044182005,-0.0016,0.0057,-0.003,0.00001,-0.007,0.011,-0.036,0
20170403,0.067165999,-0.0028,-0.011,-0.0011,0.00003,-0.004,0.02,-0.013,0
20170404,-0.009262303,0.0005,-0.0023,0.0031,0.00003,-0.009,-0.037,-0.009,0
20170405,-0.007504079,-0.0044,-0.0079,-0.003,0.00003,0.001,0.01,0.001,0
20170406,0.051446733,0.0032,0.0069,0.005,0.00003,-0.041,-0.037,-0.004,0
20170407,-0.004917205,-0.0008,0.0014,-0.0026,0.00003,-0.01,0.009,-0.001,0
20170410,0.008662327,0.0008,0.001,0.001,0.00003,0.038,0.017,0.013,0
20170411,0.015031535,-0.0005,0.0081,0.0025,0.00003,0.029,-0.007,-0.019,0
20170412,-0.00388059,-0.0049,-0.0084,-0.0052,0.00003,0.028,-0.019,-0.034,0
20170413,-0.025930347,-0.0075,-0.0023,-0.0079,0.00003,-0.071,0.029,-0.059,0
20170417,0.021034245,0.0089,0.0024,0.0022,0.00003,0.028,0.001,-0.033,0
20170418,0.014845493,-0.0025,0.0036,-0.0016,0.00003,-0.009,0.047,-0.026,0
20170419,-0.001168924,-0.0008,0.006,-0.0038,0.00003,-0.031,0.011,0.009,0
20170420,0.015495205,0.0083,0.0052,0.0026,0.00003,0.027,-0.02,0.008,0
20170421,-0.005749725,-0.0028,0.001,-0.0014,0.00003,0.028,0.007,0.023,0
20170424,0.022964149,0.0118,0.0017,0.0051,0.00003,0.207,-0.133,0.052,0
20170425,0.012240528,0.0066,0.0036,-0.0005,0.00003,0.048,-0.014,0.032,0
20170426,0.012289339,0.0004,0.0071,0.0031,0.00003,0.034,0.016,0.027,0
20170427,0.028578674,0.0005,-0.0013,-0.0096,0.00003,-0.026,0.037,-0.049,0
20170428,-0.000978601,-0.003,-0.0067,-0.0059,0.00003,0.004,0.018,-0.002,0
20170501,0.079819295,0.0021,0.0027,-0.0013,0.00003,0,0.005,0.006,0
20170502,0.021931171,0.0003,-0.0046,-0.0021,0.00003,0.081,-0.02,-0.009,0
20170503,0.025623557,-0.0019,-0.0054,0.002,0.00003,-0.06,-0.019,0,0
20170504,0.031900957,0.0002,-0.0006,-0.0036,0.00003,0.086,-0.06,-0.008,0
20170505,0.011532949,0.0046,0.0006,0.0004,0.00003,0.051,-0.054,0.021,0
20170508,0.107913039,-0.0004,-0.0027,0.0028,0.00003,0.002,0.05,0.009,0
20170509,0.018544288,-0.0005,0.005,-0.0079,0.00003,-0.028,0.022,-0.033,0
20170510,0.018068852,0.0021,0.0019,0.0002,0.00003,0.019,0.011,0.005,0
20170511,0.034349144,-0.0026,-0.0036,-0.0015,0.00003,-0.013,0.014,0.029,0
20170512,-0.067287394,-0.0018,-0.0029,-0.0062,0.00003,0.049,-0.037,-0.029,0
20170515,0.008199713,0.0053,0.0025,0.002,0.00003,0.039,-0.033,0.013,0
20170516,-0.002319422,-0.0003,0.0016,-0.001,0.00003,0.083,-0.009,-0.003,0
20170517,0.060300364,-0.0197,-0.0089,-0.0053,0.00003,-0.025,0.05,-0.007,0
20170518,0.02691811,0.004,0.0005,-0.004,0.00003,-0.095,-0.013,-0.033,0
20170519,0.052420163,0.007,-0.0038,0.0041,0.00003,0.121,-0.009,0.019,0
20170522,0.09338906,0.0056,0.0027,-0.003,0.00003,0.035,0.009,-0.011,0
20170523,0.067615164,0.0018,-0.0007,0.0061,0.00003,-0.023,0.012,-0.016,0
20170524,0.053072456,0.0024,-0.0015,-0.005,0.00003,0.052,0.014,-0.003,0
20170525,-0.056773219,0.0042,-0.0027,-0.0077,0.00003,-0.013,-0.007,-0.01,0
20170526,-0.044524963,0.0006,-0.0002,0.0009,0.00003,-0.025,0.008,-0.022,0
20170530,-0.01226654,-0.0019,-0.005,-0.0032,0.00003,0.022,0.018,-0.018,0
20170531,0.050965877,-0.0002,0.0003,-0.0056,0.00003,0.012,-0.001,-0.049,0
20170601,0.053096954,0.0095,0.0098,0.0003,0.00003,0.031,-0.004,-0.002,0
20170602,0.0334725,0.0035,0.0054,-0.008,0.00003,0.119,-0.007,0.026,0
20170605,0.079638883,-0.0017,-0.0045,0,0.00003,-0.029,0.024,-0.035,0
20170606,0.065620344,-0.0028,0.001,-0.0007,0.00003,-0.018,-0.002,0.035,0
20170607,-0.045796974,0.0015,-0.0019,0.0001,0.00003,-0.015,0.01,0.03,0
20170608,0.026857152,0.0018,0.0116,0.0092,0.00003,-0.032,0.019,0.03,0
20170609,0.006453415,-0.0012,0.0001,0.0238,0.00003,-0.002,-0.03,0.04,0
20170612,-0.058171306,-0.0011,-0.0027,0.0035,0.00003,-0.04,0.008,0.049,0
20170613,0.021548189,0.0055,0.0009,-0.0014,0.00003,0.054,0.005,-0.019,0
20170614,-0.077559794,-0.0017,-0.0047,-0.0055,0.00003,0.005,0.03,-0.048,0
20170615,-0.016703516,-0.003,-0.0024,-0.0012,0.00003,-0.116,-0.005,-0.042,0
20170616,0.021872312,-0.0003,-0.0023,-0.0018,0.00003,0.08,-0.011,-0.022,0
20170619,0.028176594,0.0086,0.0012,-0.0075,0.00003,0.037,-0.021,-0.024,0
20170620,0.051016494,-0.0073,-0.004,-0.0051,0.00003,-0.042,0.049,-0.023,0
20170621,-0.012040478,-0.0007,-0.0004,-0.0169,0.00003,-0.02,0.009,-0.012,0
20170622,0.006035226,0.0002,0.0052,-0.0042,0.00003,0.01,0.014,-0.017,0
20170623,0.014570375,0.0024,0.0083,-0.0051,0.00003,0.012,0.006,0.008,0
20170626,-0.097104221,0.0004,-0.0006,0.0069,0.00003,0.009,-0.004,-0.026,0
20170627,0.029827371,-0.0084,-0.004,0.0133,0.00003,0.029,-0.016,0.068,0
20170628,0.008722375,0.0102,0.0075,0.0021,0.00003,0.032,-0.038,0.053,0
20170629,-0.013805881,-0.0083,-0.0011,0.0138,0.00003,-0.015,0.064,0.069,0
20170630,-0.023059788,0.0014,-0.0009,-0.0024,0.00003,-0.051,0.042,-0.013,0
20170703,0.03350509,0.0024,0.0035,0.0121,0.00004,-0.008,-0.05,0.077,0
20170705,0.014752946,0.0012,-0.007,-0.0057,0.00004,0.028,0.009,-0.015,0
20170706,0.00248499,-0.0095,-0.005,0.0011,0.00004,-0.012,0.009,0.038,0
20170707,-0.034503459,0.007,0.0042,-0.0041,0.00004,-0.036,-0.002,-0.014,0
20170710,-0.058047035,0.0005,-0.0043,-0.0009,0.00004,0.038,-0.018,0.005,0
20170711,-0.014695056,0,0.0038,-0.0053,0.00004,0.02,0.018,0.024,0
20170712,0.026074407,0.0072,0.0013,-0.0053,0.00004,0.07,-0.022,-0.015,0
20170713,-0.017106582,0.0017,-0.0006,0.0037,0.00004,0.031,0.004,-0.003,0
20170714,-0.052866668,0.0042,-0.0013,-0.0051,0.00004,0.088,0.008,-0.003,0
20170717,-0.002247456,0,0.0021,0.0013,0.00004,0.001,0.004,0.01,0
20170718,0.040558454,0.0004,-0.003,-0.0033,0.00004,-0.001,0.036,-0.005,0
20170719,-0.019639979,0.0059,0.0053,0.0003,0.00004,0.036,-0.004,-0.014,0
20170720,0.23932079,-0.0001,0.0005,-0.0001,0.00004,0.057,-0.012,0.006,0
20170721,-0.053220011,-0.0008,-0.0042,-0.0028,0.00004,-0.034,0.063,-0.015,0
20170724,0.032609114,-0.0003,0.0012,-0.002,0.00004,-0.035,0.043,0.021,0
20170725,-0.064791022,0.0038,0.0037,0.0092,0.00004,0.009,-0.028,0.023,0
20170726,-0.018293586,-0.0006,-0.0036,-0.007,0.00004,0.089,-0.031,0.008,0
20170727,0.056229149,-0.0014,-0.0062,0.0045,0.00004,-0.022,0.003,0.005,0
20170728,0.051322762,-0.0017,-0.0006,0.0024,0.00004,-0.006,0.026,0.016,0
20170731,0.023573301,-0.0011,-0.0033,0.0044,0.00004,0.035,-0.011,0.003,0
20170801,-0.054670061,0.0024,-0.0024,0.0018,0.00004,0.031,-0.07,0.035,0
20170802,-0.002832227,-0.0008,-0.0118,0.0015,0.00004,0.007,0.018,0,0
20170803,0.034659908,-0.0021,-0.0033,-0.0029,0.00004,0.026,-0.005,0.045,0
20170804,0.032462237,0.0025,0.003,0.0036,0.00004,-0.023,-0.027,-0.022,0
20170807,0.166765369,0.0016,-0.0009,-0.006,0.00004,0.024,0.03,0.041,0
20170808,0.012093983,-0.0024,-0.0009,0.0021,0.00004,-0.007,0.01,0.002,0
20170809,-0.022692444,-0.0014,-0.0076,-0.001,0.00004,-0.058,0.008,-0.005,0
20170810,0.011571174,-0.0149,-0.003,0.0025,0.00004,-0.048,0.029,-0.003,0
20170811,0.079616225,0.002,0.0024,-0.0088,0.00004,-0.038,0.003,-0.02,0
20170814,0.184725875,0.0103,0.0026,0.0006,0.00004,0.008,-0.048,-0.019,0
20170815,-0.033148831,-0.0011,-0.0085,-0.0004,0.00004,-0.016,-0.008,-0.012,0
20170816,0.046517451,0.0018,-0.0013,-0.0045,0.00004,0.078,-0.016,-0.035,0
20170817,-0.010308174,-0.0159,-0.0017,-0.0015,0.00004,-0.043,0.053,-0.023,0
20170818,-0.039532669,-0.0015,0.0014,0.0021,0.00004,-0.037,0.015,0.004,0
20170821,-0.038226616,0.0006,-0.0025,-0.0022,0.00004,0.007,0.012,0.002,0
20170822,0.024644262,0.0107,-0.0002,-0.0025,0.00004,0.015,-0.032,-0.006,0
20170823,0.012397447,-0.0032,0.001,0.004,0.00004,0.021,0.032,0.02,0
20170824,0.044078781,-0.0014,0.006,0.0018,0.00004,-0.014,0,-0.005,0
20170825,0.008477353,0.0018,0.0013,0.0058,0.00004,0.065,0.014,0.015,0
20170828,0.002489966,0.0008,0.0035,-0.0074,0.00004,0.003,0.014,0.002,0
20170829,0.044763841,0.001,0.0014,-0.0039,0.00004,-0.066,0.034,-0.016,0
20170830,-0.003036274,0.0053,0.0002,-0.0032,0.00004,-0.005,-0.011,0.001,0
20170831,0.030207738,0.0062,0.0047,-0.0042,0.00004,0.094,-0.011,-0.036,0
20170901,0.04005299,0.0027,0.0041,0.0044,0.00005,0.015,0.01,0.002,0
20170905,-0.105421821,-0.0081,0.001,-0.0095,0.00005,0.006,-0.011,0.002,0
20170906,0.050352945,0.0028,-0.0003,0.0013,0.00005,0.007,0.014,-0.013,0
20170907,0.000550376,-0.0007,0.0015,-0.0093,0.00005,0.098,0,-0.014,0
20170908,-0.08073254,-0.0016,0.0004,0.0036,0.00005,0.018,-0.003,-0.011,0
20170911,-0.016007434,0.0108,-0.0012,0.0063,0.00005,0.018,-0.05,-0.007,0
20170912,-0.007369881,0.0043,0.0025,0.0071,0.00005,0.04,-0.01,0.012,0
20170913,-0.06013991,0.0011,0.0031,0.0036,0.00005,-0.031,0.028,0.01,0
20170914,-0.187460981,-0.0012,-0.0004,-0.0007,0.00005,0.02,0.003,-0.003,0
20170915,0.152906465,0.0019,0.0028,0.0012,0.00005,-0.005,0.036,-0.009,0
20170918,0.117524611,0.0024,0.0037,0.002,0.00005,0.002,-0.027,0.021,0
20170919,-0.034545228,0.0015,-0.0028,0.0035,0.00005,0.065,-0.009,0.012,0
20170920,-0.004895897,0.0016,0.0023,0.0052,0.00005,-0.047,0.008,0.006,0
20170921,-0.070432365,-0.0028,0.001,0.0037,0.00005,0.013,-0.025,0.042,0
20170922,-0.000143637,0.0012,0.0044,0.0013,0.00005,0.013,-0.006,0.009,0
20170925,0.081303458,-0.0025,0.0031,0.0063,0.00005,-0.025,0.036,-0.03,0
20170926,-0.008638741,0.0005,0.0039,0.0013,0.00005,-0.044,0.005,0.028,0
20170927,0.079161787,0.0063,0.0139,0.0017,0.00005,-0.006,-0.008,0.033,0
20170928,-0.006225205,0.0013,0.0016,-0.0007,0.00005,0.063,0.027,-0.003,0
20170929,-0.002842995,0.0035,-0.0012,-0.0027,0.00005,0.029,-0.002,-0.006,0
20171002,0.059111059,0.005,0.0084,0.0016,0.00004,-0.01,0.006,-0.038,0
20171003,-0.020868608,0.0026,-0.0003,-0.0002,0.00004,0.032,-0.017,0.022,0
20171004,-0.020450054,0.0005,-0.0028,-0.0045,0.00004,-0.002,0.016,-0.026,0
20171005,0.023379619,0.0055,-0.0034,0.0035,0.00004,-0.02,-0.021,0.019,0
20171006,0.009755745,-0.0008,-0.0008,-0.0025,0.00004,0.009,0.013,0.014,0
20171009,0.091753054,-0.0022,-0.0028,-0.0005,0.00004,0.007,-0.006,-0.005,0
20171010,0.002049262,0.0024,-0.0001,0.0042,0.00004,0.063,0.009,-0.014,0
20171011,0.009263658,0.0016,-0.002,-0.0022,0.00004,0.034,-0.012,-0.009,0
20171012,0.128507099,-0.0018,0.0004,-0.0051,0.00004,0.013,0.018,-0.047,0
20171013,0.036733143,0.0004,-0.0022,0.0011,0.00004,0.035,0.017,0.001,0
20171016,0.01383942,0.0017,-0.0028,0.0037,0.00004,-0.01,0.001,0.024,0
20171017,-0.021012511,0.0001,-0.0033,-0.0028,0.00004,-0.016,-0.001,0.018,0
20171018,-0.002683827,0.0014,0.0031,0.0022,0.00004,0.014,-0.05,-0.002,0
20171019,0.02103611,0.0002,-0.0038,0.0017,0.00004,-0.004,-0.024,0.018,0
20171020,0.053026294,0.0057,-0.0007,0.0028,0.00004,-0.037,-0.01,0.022,0
20171023,-0.013535912,-0.0045,-0.0042,0.0012,0.00004,0.006,0.012,0.001,0
20171024,-0.068110526,0.002,-0.0018,0.0047,0.00004,-0.01,0.006,0.046,0
20171025,0.040519906,-0.0051,-0.0001,0.0011,0.00004,-0.022,0.015,0.003,0
20171026,0.0267441,0.002,0.0004,0.0022,0.00004,-0.022,-0.019,-0.016,0
20171027,-0.021027903,0.0082,-0.0002,-0.0101,0.00004,0.033,0.01,-0.02,0
20171030,0.060440202,-0.0046,-0.008,-0.0006,0.00004,0.046,0.026,0,0
20171031,0.05507269,0.0023,0.0081,-0.0022,0.00004,0.002,0.015,-0.021,0
20171101,0.046170809,0.0005,-0.008,0.0015,0.00004,0.029,-0.013,0.031,0
20171102,0.045944298,0.0006,-0.0003,0.0049,0.00004,0.012,-0.021,0.039,0
20171103,0.018220931,0.0031,-0.0042,-0.0069,0.00004,-0.008,0.005,-0.035,0
20171106,-0.025706781,0.0006,0.002,0.0019,0.00004,0.024,0.018,-0.008,0
20171107,0.017277978,-0.002,-0.0136,-0.0037,0.00004,-0.02,0.008,0.014,0
20171108,0.044093991,0.0012,0.0006,-0.0062,0.00004,0.014,-0.004,-0.007,0
20171109,-0.042415756,-0.0041,-0.0002,0.0022,0.00004,-0.03,0.002,0.029,0
20171110,-0.073594156,0.0001,0.0005,-0.0038,0.00004,-0.035,0.019,-0.007,0
20171113,-0.008902007,0.0009,-0.003,0.0002,0.00004,-0.065,-0.007,-0.022,0
20171114,0.011585904,-0.0022,-0.0013,0,0.00004,0.017,-0.038,-0.005,0
20171115,0.102403582,-0.0052,-0.0005,0.0024,0.00004,-0.076,-0.052,-0.014,0
20171116,0.075983096,0.0101,0.0085,-0.0052,0.00004,0.054,0.007,-0.054,0
20171117,-0.020709005,-0.0014,0.0074,0.0029,0.00004,0.017,0.027,-0.006,0
20171120,0.063736189,0.0021,0.0056,0,0.00004,-0.009,0.01,-0.035,0
20171121,-0.015816817,0.0067,0.0041,-0.0035,0.00004,0.065,0.01,-0.007,0
20171122,0.022545073,-0.0005,0.001,-0.0003,0.00004,0.074,0.051,0.03,0
20171124,-2.30376E-05,0.0021,0.0002,-0.0045,0.00004,0.034,-0.004,-0.006,0
20171127,0.189530968,-0.0006,-0.0037,0.0003,0.00004,-0.042,0.026,-0.022,0
20171128,0.024449858,0.0106,0.0039,0.0086,0.00004,-0.002,-0.034,-0.018,0
20171129,-0.016959513,0.0002,0.0004,0.0144,0.00004,0.001,0.007,0.072,0
20171130,0.034847613,0.0082,-0.0056,-0.0051,0.00004,0.01,0.002,0.011,0
20171201,0.072466254,-0.0022,-0.0037,0.0037,0.00004,-0.009,0.035,-0.009,0
20171204,0.062061389,-0.001,-0.0035,0.0123,0.00004,0.003,-0.038,0.02,0
20171205,0.02222092,-0.0043,-0.0044,-0.0024,0.00004,-0.031,-0.007,0.015,0
20171206,0.199243359,-0.0009,-0.0045,-0.0052,0.00004,-0.068,-0.034,-0.033,0
20171207,0.252431749,0.0042,0.0025,-0.0017,0.00004,0.012,0.01,-0.012,0
20171208,-0.074359681,0.0051,-0.0044,-0.0013,0.00004,0.052,-0.018,0.007,0
20171211,0.022133404,0.0026,-0.004,-0.0014,0.00004,0.017,0.009,0.021,0
20171212,0.028217994,0.0007,-0.0052,0.0052,0.00004,0.017,-0.011,0.014,0
20171213,-0.057873871,0.0002,0.0071,-0.0088,0.00004,0.054,0.011,-0.007,0
20171214,0.009455252,-0.0047,-0.0069,-0.0021,0.00004,-0.046,0.07,-0.018,0
20171215,0.068959034,0.0092,0.0068,0.0003,0.00004,-0.052,0.011,-0.009,0
20171218,0.079437492,0.0067,0.0075,0.0026,0.00004,0.119,-0.044,0.005,0
20171219,-0.070014155,-0.003,-0.0036,-0.0026,0.00004,-0.001,0.014,-0.007,0
20171220,-0.064849554,0.0001,0.0036,0.0005,0.00004,-0.021,0.03,0.047,0
20171221,-0.049466753,0.0024,0.0027,0.0063,0.00004,0.047,0.008,0.006,0
20171222,-0.124770271,-0.0007,-0.0023,-0.002,0.00004,-0.002,0.028,-0.009,0
20171226,0.163929982,-0.0007,0.0034,-0.0006,0.00004,-0.005,0.005,-0.014,0
20171227,-0.016270015,0.0005,-0.0013,-0.0019,0.00004,0.041,0.049,-0.021,0
20171228,-0.077825144,0.0022,0.0012,0.0004,0.00004,0.024,0.03,-0.002,0
20171229,0.003362595,-0.0057,-0.003,0.0002,0.00004,0.021,0.023,0.009,0
20180102,0.022186323,0.0085,0.0036,-0.0022,0.00005,0.041,0.036,0.02,0
20180103,0.014560769,0.0059,-0.0039,-0.0021,0.00005,0.014,0.005,-0.003,0
20180104,0.026145645,0.0042,-0.0026,0.0024,0.00005,0.139,-0.049,0.052,0
20180105,0.11728294,0.0066,-0.0034,-0.0026,0.00005,0.051,-0.026,-0.016,0
20180108,-0.129680798,0.0019,-0.0016,0.0007,0.00005,-0.014,0.026,-0.002,0
20180109,-0.037933732,0.0015,-0.0036,-0.0003,0.00005,0.032,0,0,0
20180110,0.025841719,-0.0007,0.0007,0.0058,0.00005,0.006,0.021,0.074,0
20180111,-0.104736342,0.0087,0.0116,0.0029,0.00005,0.024,0.004,0.045,0
20180112,0.042826964,0.0066,-0.003,0.0017,0.00005,0.087,-0.015,0.003,0
20180116,-0.178161097,-0.0049,-0.0102,-0.0002,0.00005,0.007,-0.013,-0.02,0
20180117,-0.026323878,0.0095,-0.0002,-0.0015,0.00005,-0.044,-0.019,-0.031,0
20180118,0.025538545,-0.0018,-0.005,-0.0025,0.00005,0.013,-0.022,-0.012,0
20180119,0.011496942,0.0057,0.0094,-0.0007,0.00005,0.04,-0.004,-0.01,0
20180122,-0.05828871,0.0077,-0.0034,-0.0014,0.00005,0.047,-0.007,-0.002,0
20180123,-0.005813214,0.0022,0.0014,-0.0033,0.00005,0.068,0.009,-0.015,0
20180124,0.045126843,-0.0013,-0.008,0.0039,0.00005,0.044,0.043,0.01,0
20180125,-0.008853282,0.0007,0.0017,-0.0049,0.00005,-0.067,0.008,0.026,0
20180126,-0.007865692,0.0111,-0.0062,-0.005,0.00005,0.072,0.004,-0.033,0
20180129,0.011139287,-0.0062,-0.0002,-0.0026,0.00005,-0.053,0.028,0.017,0
20180130,-0.105402148,-0.0106,0.0011,-0.0017,0.00005,-0.075,-0.02,-0.027,0
20180131,0.011309251,-0.0007,-0.0072,0.0006,0.00005,-0.036,-0.002,-0.034,0
20180201,-0.102843458,0.0003,0.001,0.0051,0.00006,0.056,0.031,0.035,0.001
20180202,-0.037112344,-0.0213,0.0003,-0.0027,0.00006,-0.161,0.029,0.019,0.001
20180205,-0.212440602,-0.0403,0.0078,-0.0056,0.00006,-0.211,-0.008,0.027,0.001
20180206,0.114778101,0.0167,-0.0051,-0.0023,0.00006,-0.244,-0.106,-0.004,0.001
20180207,-0.017173748,-0.0037,0.0051,0.0027,0.00006,0.053,0.021,-0.029,0.001
20180208,0.084478071,-0.0368,0.0083,0.0047,0.00006,-0.091,0.09,-0.015,0.001
20180209,0.056970412,0.0136,-0.0062,0.0011,0.00006,-0.126,-0.023,-0.02,0.001
20180212,0.021639718,0.0136,-0.0043,-0.0029,0.00006,0.1,-0.023,-0.011,0.001
20180213,-0.036833363,0.0031,0.0005,-0.0023,0.00006,0.002,0.026,-0.019,0.001
20180214,0.104183741,0.0152,0.0026,0.0046,0.00006,0.121,-0.07,-0.022,0.001
20180215,0.070692625,0.0121,-0.0014,-0.0065,0.00006,0.12,0.007,-0.026,0.001
20180216,0.006579518,0.0003,0.0036,0.0013,0.00006,0.038,0.003,-0.018,0.001
20180220,0.114246374,-0.0062,-0.0036,-0.0026,0.00006,-0.044,0.019,-0.032,0.001
20180221,-0.062609874,-0.0043,0.0078,0.002,0.00006,-0.026,0.01,0.011,0.001
20180222,-0.064173597,0.0001,0.0004,-0.0039,0.00006,0.013,-0.001,-0.002,0.001
20180223,0.029535202,0.0154,-0.0036,-0.0014,0.00006,0.034,0.019,0.017,0.001
20180226,0.006308252,0.0112,-0.0049,-0.0007,0.00006,0.066,-0.032,-0.013,0.001
20180227,0.034560467,-0.0125,-0.002,0.0001,0.00006,-0.051,-0.003,0.026,0.001
20180228,-0.030613069,-0.011,-0.004,-0.0031,0.00006,-0.092,0.07,-0.014,0.001
20180301,0.053133433,-0.0118,0.0101,-0.0004,0.00006,-0.074,0.015,0.01,0.001
20180302,0.012304168,0.007,0.0116,-0.005,0.00006,-0.107,0.041,-0.028,0.001
20180305,0.043858675,0.0106,-0.0039,0.0025,0.00006,0.008,-0.07,-0.045,0.001
20180306,-0.068614345,0.0036,0.0067,0.001,0.00006,0.11,0.032,-0.012,0.001
20180307,-0.075601517,0.0005,0.008,-0.0045,0.00006,-0.014,-0.013,-0.004,0.001
20180308,-0.057313123,0.0037,-0.0049,-0.0033,0.00006,0.034,-0.027,-0.059,0.001
20180309,-0.006176013,0.017,-0.0027,0.0028,0.00006,0.033,-0.012,-0.037,0.001
20180312,-0.014242521,-0.0009,0.0046,-0.0006,0.00006,0.084,0.015,0.037,0.001
20180313,-0.001175683,-0.0067,0.0009,-0.0001,0.00006,-0.024,0.049,-0.002,0.001
20180314,-0.100664143,-0.0053,0.0023,-0.0054,0.00006,-0.02,0.018,-0.022,0.001
20180315,0.003694621,-0.0018,-0.0041,0.0031,0.00006,-0.012,-0.017,-0.013,0.001
20180316,0.0044564,0.0025,0.0046,0.002,0.00006,-0.005,-0.032,0.034,0.001
20180319,0.034994897,-0.0138,0.0034,0.0041,0.00006,-0.061,0.001,-0.014,0.001
20180320,0.032709258,0.0015,-0.0007,-0.0038,0.00006,-0.033,-0.018,0.045,0.001
20180321,0.00171372,-0.0006,0.0075,0.0045,0.00006,0.064,0.007,0.004,0.001
20180322,-0.022548935,-0.0254,0.005,-0.0046,0.00006,-0.093,0.054,-0.022,0.001
20180323,0.017256895,-0.0209,0.002,-0.002,0.00006,-0.125,-0.022,-0.01,0.001
20180326,-0.075538455,0.0267,-0.0069,0.0002,0.00006,0.021,-0.016,0.009,0.001
20180327,-0.045905007,-0.0187,-0.0024,0.0039,0.00006,0.088,0,0.009,0.001
20180328,0.015443559,-0.0035,0.0011,0.0065,0.00006,-0.081,-0.057,-0.023,0.001
20180329,-0.09922173,0.0141,-0.0029,-0.0021,0.00006,0.055,-0.007,-0.012,0.001
20180402,-0.011499449,-0.0229,-0.0014,0.0039,0.00007,-0.018,0.003,-0.003,0.001
20180403,0.052487949,0.0124,-0.0005,0.0017,0.00007,-0.055,0.013,0.001,0.001
20180404,-0.080845364,0.0117,0.0032,-0.0031,0.00007,-0.024,0.013,0.007,0.001
20180405,-0.006251936,0.0075,0.0003,0.0048,0.00007,0.122,-0.101,0.013,0.001
20180406,-0.02578398,-0.0219,0.004,-0.0006,0.00007,0.003,0.027,-0.02,0.001
20180409,0.020183695,0.003,-0.0015,-0.005,0.00007,0.055,-0.019,-0.019,0.001
20180410,0.009386883,0.0177,0.004,-0.0012,0.00007,0.08,-0.038,0.031,0.001
20180411,0.019471286,-0.0049,0.0092,-0.0031,0.00007,-0.024,0.019,0.062,0.001
20180412,0.132089545,0.0084,-0.0022,0.0019,0.00007,-0.005,-0.012,0.002,0.001
20180413,0.000780524,-0.0037,0.0002,-0.0025,0.00007,0.025,0.004,0.047,0.001
20180416,0.020536741,0.0082,0.0008,-0.0004,0.00007,0.027,0.003,-0.004,0.001
20180417,-0.019500005,0.0109,0.0016,-0.0118,0.00007,0.029,-0.048,-0.005,0.001
20180418,0.033000998,0.0013,0.0024,0.0002,0.00007,0.053,0.005,0.02,0.001
20180419,0.015963721,-0.0049,-0.0046,0.0108,0.00007,-0.026,0.018,0.074,0.001
20180420,0.066423777,-0.0081,0.0006,0.0062,0.00007,-0.038,-0.002,0.008,0.001
20180423,0.0095447,-0.0005,-0.0008,0.002,0.00007,-0.047,-0.038,0.028,0.001
20180424,0.085769245,-0.013,0.0052,0.0098,0.00007,0.028,-0.012,0.028,0.001
20180425,-0.087902947,0.001,-0.0034,0.0001,0.00007,-0.085,0.004,-0.006,0.001
20180426,0.049193261,0.0096,-0.0041,-0.0085,0.00007,0.034,-0.022,-0.024,0.001
20180427,-0.031795441,0.0001,-0.0027,0.0007,0.00007,0.045,-0.024,-0.029,0.001
20180430,0.028137254,-0.008,0.0003,-0.0008,0.00007,-0.006,-0.003,0.001,0.001
20180501,-0.013212897,0.0024,0.0022,-0.0053,0.00006,-0.062,-0.001,-0.012,0.001
20180502,0.012760471,-0.0063,0.0126,-0.0028,0.00006,0.014,0.015,-0.014,0.001
20180503,0.054936145,-0.0025,-0.005,-0.0017,0.00006,0.008,0.042,-0.022,0.001
20180504,-0.004483298,0.013,0.0003,-0.0023,0.00006,0.019,-0.014,-0.008,0.001